max_anomaly_score,anomalous_days,s3_rule_days,multisignal_days,first_day,last_day,priority_score,anon_user
98.69585735875287,27,14,36,2010-01-02,2011-05-16,138.69585735875287,usr_f1799c5feb88
94.02944063818691,16,14,19,2010-01-04,2011-05-16,134.0294406381869,usr_ac743ed266d7
97.49400596450917,13,13,15,2010-01-04,2011-05-16,137.49400596450917,usr_a0ae3aaaf22b
93.0617137353827,9,13,33,2010-01-04,2011-05-16,132.06171373538268,usr_3baa56e22ece
90.06385534142287,13,13,42,2010-01-02,2011-05-16,130.06385534142288,usr_4100af3d0319
87.76534009654618,8,13,11,2010-01-04,2011-05-16,125.76534009654618,usr_b219ae3133f5
91.24041007617082,14,11,54,2010-01-02,2011-05-16,131.2404100761708,usr_045f922787fa
78.4826243517442,5,11,34,2010-01-04,2011-05-16,113.4826243517442,usr_5beccff46fb6
78.60785912916005,3,11,22,2010-01-04,2011-05-16,111.60785912916005,usr_9281eca65083
99.14704718587723,15,10,57,2010-01-02,2011-05-16,139.14704718587723,usr_db1b1bdcfe26
96.82363628521554,13,10,22,2010-01-02,2011-05-16,136.82363628521554,usr_f6c2c2115a84
85.12035482531134,7,10,29,2010-01-04,2011-05-16,122.12035482531134,usr_1c9b5ddb20a3
94.97235328102201,11,9,16,2010-01-04,2011-05-16,134.972353281022,usr_c6af2ab520ff
90.2980382461005,13,9,41,2010-01-04,2011-05-16,130.2980382461005,usr_787c3e01f24a
89.31063441136865,14,9,12,2010-01-04,2011-05-16,129.31063441136865,usr_a1e1cfe12d5e
83.43608850618192,6,9,8,2010-01-04,2011-05-16,119.43608850618192,usr_e546ec0e4044
91.65182184703272,11,8,20,2010-01-04,2011-05-16,131.65182184703272,usr_1abcadd32bd3
92.1002088316676,3,8,21,2010-01-04,2011-05-16,125.1002088316676,usr_85b29ee882c7
84.96003820729145,7,8,19,2010-01-04,2011-05-16,121.96003820729145,usr_2e333e0bd6ec
84.9097966726193,2,8,21,2010-01-04,2011-05-16,116.9097966726193,usr_501d3e061e1f
93.16242746456103,7,7,24,2010-01-04,2011-05-16,130.16242746456103,usr_766cfffe514c
86.9041550163309,10,7,23,2010-01-04,2011-05-16,126.9041550163309,usr_f66943df912a
84.02572434050967,7,7,5,2010-01-04,2011-05-16,121.02572434050967,usr_7168a413a0e6
84.10760299536987,6,7,22,2010-01-04,2011-05-16,120.10760299536987,usr_9c4b98b83a74
86.93327966833438,14,6,47,2010-01-03,2011-05-16,126.93327966833438,usr_168865f08a83
87.45032401531414,2,6,17,2010-01-04,2011-03-04,119.45032401531414,usr_2a0422be68c6
84.78227078476,4,6,17,2010-01-04,2011-05-16,118.78227078476,usr_11d260370d58
92.83642154845396,10,5,2,2010-01-04,2011-05-16,132.83642154845396,usr_3559b7b38bf9
92.20695235722678,13,5,29,2010-01-02,2011-05-16,132.20695235722678,usr_135df7f0eb54
91.48920103170158,33,5,24,2010-01-03,2011-05-16,131.48920103170158,usr_55d5ae47cb9a
91.25222697875132,5,5,12,2010-01-04,2011-05-16,126.25222697875132,usr_37263405aefd
89.43991270204545,3,5,11,2010-01-04,2011-05-16,122.43991270204545,usr_460086ac3c41
85.56272512353277,4,5,13,2010-01-04,2011-05-16,119.56272512353277,usr_52a7e5237e52
81.51006854183663,4,5,37,2010-01-02,2011-05-16,115.51006854183663,usr_4f0ccdd4b553
84.58379016908435,5,4,17,2010-01-04,2011-05-16,119.58379016908435,usr_3b84736f3145
78.43867015528824,2,4,13,2010-01-04,2011-05-16,110.43867015528824,usr_5d4917d567f0
92.3240742146551,12,3,29,2010-01-03,2011-05-16,132.3240742146551,usr_b882b191fe3f
91.75526635736178,18,3,36,2010-01-04,2011-05-16,131.7552663573618,usr_b590383454d0
89.08462554660399,13,3,19,2010-01-02,2011-05-16,129.084625546604,usr_4e53942f6a32
89.75184390287491,9,3,17,2010-01-04,2011-05-16,128.7518439028749,usr_ae80339f51cc
86.13327169259082,9,3,22,2010-01-02,2011-05-16,125.13327169259082,usr_a3f9dccacb20
83.85718719733265,9,3,5,2010-01-03,2010-05-06,122.85718719733265,usr_461c9aa1365a
88.44469071316914,3,3,10,2010-01-04,2011-05-16,121.44469071316914,usr_2877002c555c
81.1138024110221,7,3,17,2010-01-04,2011-05-16,118.1138024110221,usr_c3874b10091d
85.88470205306628,1,3,9,2010-01-04,2011-05-16,116.88470205306628,usr_d3e53a7e2646
82.11376989578066,4,3,5,2010-01-04,2011-05-16,116.11376989578066,usr_1c8ec6473270
92.37153838104437,2,2,11,2010-01-04,2010-12-13,119.37153838104437,usr_2dc0ee4c432f
86.61429805247833,3,2,13,2010-01-04,2011-05-16,114.61429805247833,usr_627177d9a560
85.57723322936792,4,2,9,2010-01-04,2011-05-16,114.57723322936792,usr_35c6fe899a9e
100.0,32,1,9,2010-01-04,2011-05-16,130.0,usr_755acdf12b5b
96.318691737521,19,1,6,2010-01-04,2010-09-10,126.318691737521,usr_cd92a150bfad
94.52597088063813,15,1,5,2010-01-04,2011-05-16,124.52597088063813,usr_bdf02c6c134d
96.23971143903881,8,1,6,2010-01-04,2011-05-16,124.23971143903881,usr_421fcf1f21f6
91.8214969963035,12,1,11,2010-01-04,2011-05-16,121.8214969963035,usr_4218c6789c9d
90.21945918461685,10,1,14,2010-01-04,2011-05-16,120.21945918461685,usr_dc86cee6a9fc
88.51938113397402,13,1,27,2010-01-04,2011-05-16,118.51938113397402,usr_de11ceee509d
85.14271577757559,10,1,5,2010-01-04,2011-05-16,115.14271577757559,usr_baf9873b36c1
84.44841564791963,11,1,10,2010-01-04,2011-05-16,114.44841564791963,usr_dfb7319cf308
82.51045985046527,9,1,1,2010-01-04,2011-05-16,111.51045985046527,usr_9aed74c0e58a
87.11250720564598,4,1,12,2010-01-03,2010-07-19,111.11250720564598,usr_1afdca7b5ae5
84.33479234287142,6,1,8,2010-01-04,2011-05-16,110.33479234287142,usr_09809d318e50
85.7496831287747,4,1,8,2010-01-04,2011-05-16,109.7496831287747,usr_f7b51db43960
84.96197312367286,1,1,9,2010-01-02,2011-05-16,105.96197312367286,usr_05245c82cd9a
78.99624332586072,6,1,0,2010-01-04,2011-05-16,104.99624332586072,usr_90441e52661a
66.55190744078578,0,1,1,2010-01-04,2010-02-05,86.55190744078578,usr_566225ffd3ae
98.37818592541825,15,0,32,2010-01-02,2011-05-16,108.37818592541825,usr_26db07c927d3
97.63196469765535,26,0,8,2010-01-04,2011-05-16,107.63196469765535,usr_d57700b396e1
97.33015938057058,19,0,7,2010-01-04,2010-11-05,107.33015938057058,usr_77632f959f9c
95.81443706917324,13,0,19,2010-01-04,2011-05-16,105.81443706917324,usr_953461c8a1ce
95.72460692954823,26,0,18,2010-01-04,2011-05-16,105.72460692954823,usr_cf757dc4e9e2
95.65433041724202,10,0,8,2010-01-04,2011-05-16,105.65433041724202,usr_8ae026b78240
95.38440369012496,14,0,8,2010-01-04,2011-05-16,105.38440369012496,usr_a71098e973b9
95.3132145954676,12,0,11,2010-01-04,2010-12-13,105.3132145954676,usr_a7757ec55716
95.24043294343824,17,0,35,2010-01-04,2011-05-16,105.24043294343824,usr_3c51dc4471ee
94.6182539529137,29,0,29,2010-01-02,2011-05-16,104.6182539529137,usr_1bdb1a7645ef
93.88481672130666,10,0,9,2010-01-04,2011-05-16,103.88481672130666,usr_6dd7556f6957
93.67248370162201,44,0,42,2010-01-02,2011-05-16,103.67248370162201,usr_9f8c59a1f848
93.4394391452763,12,0,20,2010-01-03,2011-05-16,103.4394391452763,usr_b288f100a0ca
93.43583889195338,22,0,5,2010-01-04,2011-05-16,103.43583889195338,usr_2e9842ceb16e
96.38186494439891,7,0,3,2010-01-04,2011-05-16,103.38186494439891,usr_3e00e5d7411c
93.34857555363193,49,0,20,2010-01-03,2011-05-16,103.34857555363193,usr_403bfc93a740
93.13543238911126,31,0,41,2010-01-02,2011-05-16,103.13543238911126,usr_4911ad0d7bde
92.9594304413023,10,0,3,2010-01-04,2011-05-16,102.9594304413023,usr_af0125b6cf0c
92.9295715136454,14,0,4,2010-01-04,2010-10-15,102.9295715136454,usr_367f42091abe
92.92560873237521,30,0,15,2010-01-04,2011-05-16,102.92560873237521,usr_27ed283e61fb
92.803790909029,11,0,8,2010-01-04,2011-05-16,102.803790909029,usr_0620b18a630e
92.7645228905832,68,0,17,2010-01-03,2011-05-16,102.7645228905832,usr_4235cb06f494
92.66350544518473,43,0,40,2010-01-04,2011-05-17,102.66350544518473,usr_ca69644040d5
92.50229089864396,10,0,21,2010-01-04,2011-03-10,102.50229089864396,usr_400b2042dce7
92.46559251500376,17,0,2,2010-01-04,2011-05-16,102.46559251500376,usr_bc17bc212b20
92.10342653858898,19,0,17,2010-01-04,2011-05-16,102.10342653858898,usr_3a673f32be3f
93.79433313992088,8,0,7,2010-01-04,2011-05-16,101.79433313992088,usr_d0ac12e13bb8
91.70021226167562,18,0,12,2010-01-04,2011-05-16,101.70021226167562,usr_52ef5f899392
92.41950939583948,9,0,39,2010-01-03,2011-05-16,101.41950939583948,usr_e11142ec54db
90.77593545568956,16,0,30,2010-01-02,2011-05-16,100.77593545568956,usr_a54119711a9c
90.74729974394218,16,0,7,2010-01-03,2010-10-04,100.74729974394218,usr_778f6adb9cef
95.72717130597148,5,0,4,2010-01-04,2011-05-16,100.72717130597148,usr_761f010dbad9
90.6749518365811,40,0,50,2010-01-04,2011-05-16,100.6749518365811,usr_2d9dd3a9d402
91.43179608386056,9,0,8,2010-01-04,2011-05-16,100.43179608386056,usr_5ae2dbe15e04
90.37645857529867,21,0,13,2010-01-03,2011-05-16,100.37645857529867,usr_ded3404df209
90.31187083241085,13,0,28,2010-01-03,2011-05-16,100.31187083241085,usr_2a7035376ec1
90.24655811906607,21,0,34,2010-01-04,2011-05-16,100.24655811906607,usr_819ec0069760
90.07516495983843,48,0,8,2010-01-02,2011-05-16,100.07516495983843,usr_dcf7bfb138a8
90.02460177552344,23,0,18,2010-01-04,2011-05-16,100.02460177552344,usr_a3fc5a440919
89.99882412616377,15,0,15,2010-01-04,2010-10-08,99.99882412616377,usr_aa877f896df1
89.98858299858163,12,0,9,2010-01-04,2011-05-16,99.98858299858163,usr_681b453dc644
89.7488166386144,10,0,3,2010-01-04,2011-05-16,99.7488166386144,usr_54d5316d0161
89.73250546928512,15,0,16,2010-01-04,2011-05-16,99.73250546928512,usr_5ddbbaa17eba
89.72320744470272,10,0,10,2010-01-04,2011-05-16,99.72320744470272,usr_345c6f373284
89.69145938275649,16,0,5,2010-01-04,2011-05-16,99.69145938275649,usr_b4b81134da3a
91.5360539821859,8,0,8,2010-01-04,2011-05-16,99.5360539821859,usr_0bbf2f367197
89.50869087083576,13,0,12,2010-01-04,2011-05-16,99.50869087083576,usr_135551862aed
89.43011500233159,10,0,7,2010-01-04,2011-05-16,99.43011500233159,usr_8c20e50daa6c
90.21353658682216,9,0,11,2010-01-04,2010-10-29,99.21353658682216,usr_8b8d2a592a98
89.18255721668568,22,0,29,2010-01-04,2011-05-16,99.18255721668568,usr_58888a469138
92.07106701123071,7,0,8,2010-01-04,2011-05-17,99.07106701123071,usr_0a79aedf4914
93.00247221453508,6,0,8,2010-01-04,2011-05-16,99.00247221453508,usr_94a0b2af37bd
88.86232552421173,23,0,27,2010-01-04,2011-05-16,98.86232552421173,usr_2b3fc440a33d
90.76062267388005,8,0,13,2010-01-04,2011-05-16,98.76062267388005,usr_038566cae5f2
89.64781433873546,9,0,13,2010-01-04,2011-05-16,98.64781433873546,usr_df443a52beb9
88.57597773599996,11,0,37,2010-01-02,2011-05-16,98.57597773599996,usr_930bae406a95
88.55881266752621,11,0,9,2010-01-04,2011-05-16,98.55881266752621,usr_d8643239bc07
90.49709443970092,8,0,21,2010-01-03,2011-05-16,98.49709443970092,usr_05180d55ecc9
88.43133471878848,26,0,8,2010-01-04,2011-05-16,98.43133471878848,usr_951532b653d8
88.42045775226269,26,0,35,2010-01-04,2011-05-16,98.42045775226269,usr_349cd59714f4
88.29431406036682,18,0,2,2010-01-04,2011-05-16,98.29431406036682,usr_df6a6d3552d6
87.64595616136174,12,0,12,2010-01-04,2011-05-16,97.64595616136174,usr_85cddf46ebc2
87.46293216020163,28,0,35,2010-01-04,2011-05-16,97.46293216020163,usr_5272eb39d041
88.40101017551582,9,0,8,2010-01-04,2010-12-29,97.40101017551582,usr_8bc12f6563a0
87.38132648390591,10,0,41,2010-01-02,2011-05-16,97.38132648390591,usr_2a4d82213ca1
87.30380934120316,28,0,16,2010-01-03,2011-05-16,97.30380934120316,usr_f840f2d1dffd
87.23260004698601,13,0,2,2010-01-04,2011-05-16,97.23260004698601,usr_91820c739a0e
87.10976877174727,15,0,15,2010-01-03,2011-05-17,97.10976877174727,usr_f36eae8e376e
90.0667182163707,7,0,11,2010-01-04,2011-05-16,97.0667182163707,usr_23b9b2b843ef
86.9521465285918,23,0,25,2010-01-04,2011-05-16,96.9521465285918,usr_c7fbeb0fcecb
86.90506144865654,30,0,35,2010-01-04,2011-05-16,96.90506144865654,usr_7212f64a2368
88.8817752256977,8,0,12,2010-01-03,2011-05-16,96.8817752256977,usr_9c8c1ed580bd
89.84267780307192,7,0,18,2010-01-04,2011-05-16,96.84267780307192,usr_3a1d01ced618
86.73305662667161,11,0,20,2010-01-02,2011-05-16,96.73305662667161,usr_6b2c3c4b5fe5
86.73179376870559,11,0,13,2010-01-02,2011-05-17,96.73179376870559,usr_82d9c90540d4
91.71037787461016,5,0,10,2010-01-02,2011-05-16,96.71037787461016,usr_def5826f6b80
89.45923713364262,7,0,12,2010-01-04,2011-05-16,96.45923713364262,usr_dd921d441f24
89.32250720231013,7,0,9,2010-01-04,2011-05-16,96.32250720231013,usr_8b35134c47a7
88.31105720700059,8,0,7,2010-01-04,2011-05-16,96.31105720700059,usr_b661aba41809
88.20821772590048,8,0,6,2010-01-04,2011-05-16,96.20821772590048,usr_4e8f15462730
86.07376502059806,13,0,14,2010-01-04,2011-05-16,96.07376502059806,usr_3a5508df5796
88.98345292514712,7,0,11,2010-01-02,2011-05-16,95.98345292514712,usr_d9fc9bf009fc
90.88661484449625,5,0,8,2010-01-04,2011-05-16,95.88661484449625,usr_30c21727cee6
87.81287405564719,8,0,7,2010-01-04,2011-05-16,95.81287405564719,usr_9cd562aacb4c
89.77515181775689,6,0,6,2010-01-04,2011-05-16,95.77515181775689,usr_c3f34cb61df2
86.75690252712782,9,0,11,2010-01-02,2011-05-16,95.75690252712782,usr_8868f736d7dc
88.72548838880915,7,0,16,2010-01-04,2010-08-24,95.72548838880915,usr_cd68f0f82702
92.44034032537616,3,0,18,2010-01-02,2011-05-16,95.44034032537616,usr_98a8c168e1f3
89.38908357893526,6,0,11,2010-01-04,2011-05-16,95.38908357893526,usr_7cd4ad8a844b
85.12183307705445,12,0,9,2010-01-02,2011-05-16,95.12183307705445,usr_f97920f7e6a7
85.07054062042272,25,0,53,2010-01-02,2011-05-16,95.07054062042272,usr_dfade992025a
88.06624201889665,7,0,11,2010-01-04,2011-01-06,95.06624201889665,usr_e82480b69722
84.72704673751839,10,0,17,2010-01-04,2011-05-16,94.72704673751839,usr_cfdf87058c13
84.58533051662349,24,0,28,2010-01-04,2011-05-16,94.58533051662349,usr_0c722d1ff7c0
87.53241421707209,7,0,17,2010-01-04,2011-05-16,94.53241421707209,usr_8d4048264df7
84.43484760293988,25,0,46,2010-01-04,2011-05-16,94.43484760293988,usr_18eb5ba65554
91.2048263033606,3,0,2,2010-01-04,2010-03-19,94.2048263033606,usr_5aba079edfc2
88.17522930955188,6,0,10,2010-01-04,2011-05-16,94.17522930955188,usr_da1169973225
87.12945570405086,7,0,12,2010-01-04,2011-05-16,94.12945570405086,usr_aa8b79de6e0e
89.09805563860685,5,0,17,2010-01-04,2011-05-16,94.09805563860685,usr_fe622b99b5c8
90.04540109550065,4,0,8,2010-01-04,2010-09-03,94.04540109550065,usr_70e2bed314d9
84.0433370176852,12,0,20,2010-01-04,2011-05-16,94.0433370176852,usr_0797078bc1f0
90.03474102549069,4,0,8,2010-01-04,2011-05-16,94.03474102549069,usr_4770d3289fb4
89.03253180943054,5,0,5,2010-01-04,2011-05-16,94.03253180943054,usr_dae5607deae8
92.01362622123757,2,0,2,2010-01-04,2011-05-16,94.01362622123757,usr_f2945c6979e5
86.94663042535366,7,0,4,2010-01-04,2011-05-16,93.94663042535366,usr_1dde4e09cd14
85.93341491034526,8,0,7,2010-01-04,2011-05-16,93.93341491034526,usr_5c14531db52b
89.9177503387545,4,0,8,2010-01-04,2011-05-16,93.9177503387545,usr_92e815194d76
90.69729786591444,3,0,3,2010-01-04,2011-05-16,93.69729786591444,usr_2dc8ad393a7a
85.53985702302263,8,0,13,2010-01-04,2011-05-16,93.53985702302263,usr_d7e43e112804
90.47300463813143,3,0,2,2010-01-02,2010-05-12,93.47300463813143,usr_2a4f03e48aee
83.33334068896272,15,0,9,2010-01-04,2011-05-16,93.33334068896272,usr_070854c74990
90.25985493021489,3,0,7,2010-01-04,2011-05-16,93.25985493021489,usr_48627acd3253
85.24775294676833,8,0,11,2010-01-02,2011-01-23,93.24775294676833,usr_f6aac39b17ab
83.19563859993846,12,0,38,2010-01-02,2011-05-16,93.19563859993846,usr_0c33e46bff00
86.14738969161453,7,0,12,2010-01-04,2011-01-07,93.14738969161453,usr_6780dff35e50
89.03829517373232,4,0,6,2010-01-04,2011-05-16,93.03829517373232,usr_fbfae0708249
82.82914620453742,18,0,12,2010-01-04,2011-05-16,92.82914620453742,usr_a02b54153571
87.8255512749532,5,0,9,2010-01-04,2011-05-16,92.8255512749532,usr_18766ccda568
86.77643614062022,6,0,17,2010-01-04,2011-05-16,92.77643614062022,usr_25c08348b4ac
84.76739679742089,8,0,16,2010-01-04,2011-05-16,92.76739679742089,usr_0775d5e3fd00
82.76668051516188,22,0,25,2010-01-04,2011-05-16,92.76668051516188,usr_2b4fa02bfc41
84.72253014325322,8,0,6,2010-01-04,2011-05-16,92.72253014325322,usr_fb36a97378ff
87.71226915211561,5,0,9,2010-01-04,2011-05-16,92.71226915211561,usr_7e5c29d88bd1
89.70370016451977,3,0,7,2010-01-04,2010-10-29,92.70370016451977,usr_40904bf3e3d3
87.6003333218573,5,0,8,2010-01-04,2011-05-16,92.6003333218573,usr_83f722a29a61
88.56976484504538,4,0,7,2010-01-04,2011-05-16,92.56976484504538,usr_56ee44cb691c
91.51620743705456,1,0,1,2010-01-04,2011-05-16,92.51620743705456,usr_e7549d31a85c
86.36179084982884,6,0,6,2010-01-04,2011-05-16,92.36179084982884,usr_637ca731c74f
85.04385430212355,7,0,11,2010-01-04,2011-05-16,92.04385430212355,usr_2b4d6117047c
86.98637419816927,5,0,9,2010-01-04,2010-12-15,91.98637419816927,usr_fc519c2c3603
89.92371877569448,2,0,4,2010-01-04,2010-07-23,91.92371877569448,usr_8123cb58ac48
87.89986962347645,4,0,4,2010-01-04,2011-02-21,91.89986962347645,usr_a48ad8be120f
87.7141466304199,4,0,5,2010-01-04,2011-05-16,91.7141466304199,usr_7c8632a4c6d2
86.69508657929663,5,0,17,2010-01-04,2011-05-16,91.69508657929663,usr_a448d9a236ea
83.65408123359444,8,0,10,2010-01-04,2010-09-10,91.65408123359444,usr_ace55a264937
85.59291378684617,6,0,7,2010-01-04,2011-05-16,91.59291378684617,usr_b59689109059
84.32935844242738,7,0,4,2010-01-04,2011-05-16,91.32935844242738,usr_5d81b8ca08bd
89.27577673641497,2,0,12,2010-01-04,2011-05-16,91.27577673641497,usr_a7d9f4fe85f9
88.27475998822578,3,0,8,2010-01-04,2011-02-14,91.27475998822578,usr_c029705e0ce2
87.13152299866056,4,0,14,2010-01-04,2011-05-16,91.13152299866056,usr_9199c3b7fb04
87.02035402332159,4,0,5,2010-01-04,2010-11-03,91.02035402332159,usr_a1145e96b378
83.85906721020501,7,0,37,2010-01-04,2011-05-16,90.85906721020501,usr_cc12293ceebe
84.71224151191952,6,0,9,2010-01-04,2011-05-16,90.71224151191952,usr_ab02174ddd47
86.6395933539202,4,0,9,2010-01-04,2011-05-16,90.6395933539202,usr_5135638a2a67
85.62251302011356,5,0,7,2010-01-04,2011-05-16,90.62251302011356,usr_7f7c15226613
88.54534039576357,2,0,19,2010-01-04,2011-05-16,90.54534039576357,usr_d29055ac3905
83.52339378723683,7,0,10,2010-01-04,2011-05-16,90.52339378723683,usr_842cd023376c
84.48816018594384,6,0,47,2010-01-04,2011-05-16,90.48816018594384,usr_50540ab99be7
82.47779815903735,8,0,26,2010-01-04,2011-05-16,90.47779815903735,usr_84e3a53848ff
87.42669579224632,3,0,14,2010-01-04,2011-05-16,90.42669579224632,usr_6068fc472083
87.41122964716915,3,0,13,2010-01-04,2011-01-06,90.41122964716915,usr_90843fed2717
83.2850906867717,7,0,10,2010-01-04,2011-05-16,90.2850906867717,usr_77648bfbf4cd
84.014667985746,6,0,6,2010-01-04,2011-05-16,90.014667985746,usr_41243824014f
82.93859358805548,7,0,14,2010-01-02,2010-12-24,89.93859358805548,usr_5cce0f3a8874
85.91711074245293,4,0,9,2010-01-04,2011-05-16,89.91711074245293,usr_d0b974eb86b3
84.90006128368341,5,0,16,2010-01-04,2011-05-16,89.90006128368341,usr_ec60d568f202
87.82686560246935,2,0,11,2010-01-04,2011-05-16,89.82686560246935,usr_6ba1b7410300
85.82551297094528,4,0,7,2010-01-04,2011-05-16,89.82551297094528,usr_29e33b3ac592
88.73500060547644,1,0,7,2010-01-04,2011-05-16,89.73500060547644,usr_4995fd76bbac
85.70797326575351,4,0,45,2010-01-04,2011-04-29,89.70797326575351,usr_9d8ea390d591
86.65808574379025,3,0,6,2010-01-02,2011-05-16,89.65808574379025,usr_cab4cfcd7d77
86.52212992094336,3,0,4,2010-01-04,2010-10-07,89.52212992094336,usr_4c0e1cb35dd8
87.44586105850269,2,0,8,2010-01-04,2011-05-16,89.44586105850269,usr_184c23d50703
84.37154072653456,5,0,10,2010-01-04,2011-05-16,89.37154072653456,usr_0dc4b08b385c
87.32064229697508,2,0,2,2010-01-04,2011-05-16,89.32064229697508,usr_818de4915bd3
86.27474555511722,3,0,10,2010-01-04,2011-05-16,89.27474555511722,usr_4bef954a9aa3
87.26242144210464,2,0,4,2010-01-04,2011-05-16,89.26242144210464,usr_ad61f40efa26
84.24942152794208,5,0,12,2010-01-04,2011-05-16,89.24942152794208,usr_f9fde4212aa4
81.13084052861642,8,0,10,2010-01-04,2011-05-16,89.13084052861642,usr_380b393c72c8
86.11017121828415,3,0,41,2010-01-04,2011-05-16,89.11017121828415,usr_4bb543594607
82.0661843700082,7,0,13,2010-01-04,2011-04-18,89.0661843700082,usr_bbad4ad85e4d
86.05311833710208,3,0,9,2010-01-04,2011-05-16,89.05311833710208,usr_e34f4bbafbba
86.03811399224432,3,0,12,2010-01-04,2011-05-16,89.03811399224432,usr_0d4a8df48981
85.0132935932404,4,0,9,2010-01-04,2011-05-16,89.0132935932404,usr_3c2015c88a74
82.79647102487107,6,0,17,2010-01-04,2011-05-16,88.79647102487107,usr_2eeddab5ba93
83.7872553485881,5,0,12,2010-01-04,2011-05-16,88.7872553485881,usr_420a32d9d247
85.77463145487084,3,0,9,2010-01-04,2011-05-16,88.77463145487084,usr_78f919c02b1f
85.65282143961109,3,0,4,2010-01-04,2011-05-16,88.65282143961109,usr_a26159024642
83.65105115759437,5,0,6,2010-01-04,2011-05-16,88.65105115759437,usr_4646147500f7
86.5464194563853,2,0,9,2010-01-04,2011-05-16,88.5464194563853,usr_ee9479cce9a9
84.54460233365347,4,0,7,2010-01-04,2011-05-16,88.54460233365347,usr_22ac704ee60e
85.52535278670511,3,0,5,2010-01-04,2011-05-16,88.52535278670511,usr_1b4ca9ad1ee4
82.38107777715706,6,0,12,2010-01-04,2011-05-16,88.38107777715706,usr_7f0b93d8288b
85.31752945922078,3,0,4,2010-01-04,2010-02-11,88.31752945922078,usr_6a74eb7229d5
84.30709304510434,4,0,27,2010-01-03,2011-05-16,88.30709304510434,usr_e38e9a4e82fa
85.19074602847539,3,0,6,2010-01-04,2011-05-16,88.19074602847539,usr_15949a849312
86.1334984123862,2,0,6,2010-01-04,2011-05-16,88.1334984123862,usr_0c9f274f7e90
87.10633680406502,1,0,18,2010-01-04,2011-05-16,88.10633680406502,usr_fc5f95c21103
84.0425087943173,4,0,6,2010-01-04,2010-12-14,88.0425087943173,usr_b856777f8096
86.01602219835452,2,0,19,2010-01-03,2011-05-16,88.01602219835452,usr_fefc26b71675
84.00247718843595,4,0,14,2010-01-04,2011-05-16,88.00247718843595,usr_3ce436b0de8d
83.95568821255188,4,0,5,2010-01-04,2010-09-02,87.95568821255188,usr_b7771426f168
83.8687162868509,4,0,15,2010-01-02,2011-05-16,87.8687162868509,usr_7a982ff0e746
84.80709654336879,3,0,10,2010-01-02,2011-05-16,87.80709654336879,usr_d2d669fc077e
83.8069907844147,4,0,13,2010-01-04,2011-05-16,87.8069907844147,usr_fd8627e94817
81.80517250144882,6,0,30,2010-01-04,2011-05-16,87.80517250144882,usr_ae9ca315662b
81.68731520616434,6,0,4,2010-01-04,2011-05-16,87.68731520616434,usr_d9e39b6863da
80.65765440353616,7,0,42,2010-01-02,2011-05-16,87.65765440353616,usr_45688b2c1b16
80.58097645679378,7,0,30,2010-01-04,2011-05-16,87.58097645679378,usr_4e6a08cc8025
84.50470858892541,3,0,2,2010-01-04,2011-05-16,87.50470858892541,usr_8164a73925b9
82.44838767550961,5,0,6,2010-01-04,2011-05-16,87.44838767550961,usr_5ebe5f59e436
82.22844223550769,5,0,21,2010-01-04,2011-05-16,87.22844223550769,usr_2de515a5ed89
84.02059841866209,3,0,3,2010-01-04,2011-05-16,87.02059841866209,usr_e6b84ef841c0
82.9950242842582,4,0,7,2010-01-04,2011-05-16,86.9950242842582,usr_fa6b76766a06
81.92143516395461,5,0,2,2010-01-04,2011-05-16,86.92143516395461,usr_0b39a95caf5c
82.91361840559982,4,0,43,2010-01-04,2011-05-16,86.91361840559982,usr_5e390f5880b8
79.84578854900352,7,0,34,2010-01-04,2011-05-16,86.84578854900352,usr_f71a513da37e
81.80331702983092,5,0,6,2010-01-04,2011-05-16,86.80331702983092,usr_f10f828cfcdd
85.79176378052505,1,0,1,2010-01-04,2010-06-18,86.79176378052505,usr_81eb4ed64296
83.78151705159853,3,0,10,2010-01-04,2011-05-16,86.78151705159853,usr_c80d14c0e0bc
81.77857525744628,5,0,6,2010-01-04,2011-05-16,86.77857525744628,usr_db969e7cfd1e
83.76889822818609,3,0,3,2010-01-02,2010-02-19,86.76889822818609,usr_09e37f8e50a2
81.74715276106355,5,0,21,2010-01-02,2011-05-16,86.74715276106355,usr_a605a0a90047
80.74184810508731,6,0,39,2010-01-04,2011-05-16,86.74184810508731,usr_5c1d86fe66ec
83.72620944264014,3,0,23,2010-01-04,2011-05-16,86.72620944264014,usr_e12f03f54966
81.71077702599942,5,0,9,2010-01-04,2011-05-16,86.71077702599942,usr_32c2e7f9debe
83.52953437188775,3,0,1,2010-01-04,2011-05-16,86.52953437188775,usr_d02445cffa71
84.5022593013697,2,0,7,2010-01-04,2011-05-16,86.5022593013697,usr_67e6fa744cb4
84.45648142181979,2,0,5,2010-01-04,2010-12-22,86.45648142181979,usr_b9d85f3dd4ea
83.41610279223377,3,0,13,2010-01-04,2011-05-16,86.41610279223377,usr_05f4e527a534
81.29917386670802,5,0,27,2010-01-04,2010-11-17,86.29917386670802,usr_359c4b6d3eb9
82.25280756454559,4,0,9,2010-01-04,2011-05-16,86.25280756454559,usr_3ab5b0a15666
84.25007745307126,2,0,7,2010-01-04,2011-05-16,86.25007745307126,usr_a07195d623d6
84.20640840068353,2,0,6,2010-01-04,2011-04-06,86.20640840068353,usr_39276c8957c8
83.15604283172259,3,0,2,2010-01-04,2011-05-16,86.15604283172259,usr_023eb94936d7
83.08304746580532,3,0,21,2010-01-02,2011-02-04,86.08304746580532,usr_1ff3079989f6
81.05520409982532,5,0,2,2010-01-04,2011-05-16,86.05520409982532,usr_f8d6b35f216e
81.95140661772942,4,0,15,2010-01-04,2011-05-16,85.95140661772942,usr_e5cb56140103
81.8993285665231,4,0,5,2010-01-02,2011-05-16,85.8993285665231,usr_9fba88752661
81.71855898406595,4,0,23,2010-01-04,2010-11-24,85.71855898406595,usr_655c8b84bd90
84.65490061915236,1,0,3,2010-01-04,2010-06-04,85.65490061915236,usr_756bbbbbca68
84.57438421190055,1,0,4,2010-01-04,2010-12-03,85.57438421190055,usr_a1ff8b37f387
83.56770392489138,2,0,3,2010-01-04,2011-05-16,85.56770392489138,usr_e157f861799f
80.42789561946292,5,0,8,2010-01-04,2011-05-16,85.42789561946292,usr_553d0d96bc70
82.41639154546077,3,0,7,2010-01-04,2011-05-16,85.41639154546077,usr_e5922c17f239
84.39790520626255,1,0,3,2010-01-04,2011-05-16,85.39790520626255,usr_52ba8a9b1a7f
82.32247407635603,3,0,34,2010-01-04,2011-05-16,85.32247407635603,usr_f5c8380432dd
83.31900236042287,2,0,6,2010-01-04,2011-05-16,85.31900236042287,usr_c513577a168e
83.29394550002449,2,0,11,2010-01-04,2011-05-16,85.29394550002449,usr_879f296704b1
82.19736058103813,3,0,4,2010-01-04,2010-09-22,85.19736058103813,usr_3da212024354
84.17476003893857,1,0,2,2010-01-04,2011-05-16,85.17476003893857,usr_587fe4c45abf
83.16125870941674,2,0,0,2010-01-04,2011-05-16,85.16125870941674,usr_8dbce7bbad0e
81.15928386896398,4,0,2,2010-01-04,2011-05-16,85.15928386896398,usr_1b88a393152c
79.1138100983294,6,0,31,2010-01-04,2011-05-16,85.1138100983294,usr_75c524ca4f6a
83.09196834093669,2,0,9,2010-01-04,2011-05-16,85.09196834093669,usr_bb30c4769f87
81.04424621039905,4,0,13,2010-01-04,2011-05-16,85.04424621039905,usr_bed8d343b6cc
82.0109233888828,3,0,13,2010-01-04,2011-05-16,85.0109233888828,usr_41163d842f87
82.99518344282183,2,0,11,2010-01-04,2011-05-16,84.99518344282183,usr_7430a2d9fd87
81.99476085511454,3,0,6,2010-01-04,2011-05-16,84.99476085511454,usr_fcaa1027808c
82.97276712912043,2,0,12,2010-01-04,2011-05-16,84.97276712912043,usr_402de2c592b8
82.94946776733707,2,0,14,2010-01-04,2011-05-16,84.94946776733707,usr_7c8842f8c86a
82.92953522361746,2,0,4,2010-01-04,2011-05-16,84.92953522361746,usr_cca489bc8949
81.88541641004015,3,0,1,2010-01-04,2010-08-20,84.88541641004015,usr_4314eb3e98ec
80.81267468329251,4,0,3,2010-01-04,2011-05-16,84.81267468329251,usr_9c4883ddcbc4
82.80911503789058,2,0,4,2010-01-04,2011-05-16,84.80911503789058,usr_353348565012
81.77238583619516,3,0,7,2010-01-04,2011-05-16,84.77238583619516,usr_70a6298b3ab9
83.7233916051181,1,0,24,2010-01-04,2011-05-16,84.7233916051181,usr_a267c76ec565
81.66361073730614,3,0,24,2010-01-04,2011-05-16,84.66361073730614,usr_81acc635c438
83.64477371077813,1,0,4,2010-01-04,2011-05-16,84.64477371077813,usr_eb8ae42ab643
81.63055122004967,3,0,12,2010-01-04,2011-05-16,84.63055122004967,usr_11ca11596fe4
80.59212779504132,4,0,6,2010-01-04,2010-09-02,84.59212779504132,usr_20f80ae1df3e
80.53621039822613,4,0,10,2010-01-02,2011-05-16,84.53621039822613,usr_a192e38a7ed5
83.50844120392766,1,0,15,2010-01-04,2011-05-16,84.50844120392766,usr_69d6a586784a
83.46898700541189,1,0,18,2010-01-04,2011-05-16,84.46898700541189,usr_8c6d5a68665c
83.46330366810588,1,0,3,2010-01-04,2011-05-16,84.46330366810588,usr_37240fc38ad7
81.37543596414841,3,0,22,2010-01-04,2011-05-16,84.37543596414841,usr_60a00bdc0c83
83.31430829321887,1,0,17,2010-01-04,2011-05-16,84.31430829321887,usr_69d67d046124
83.2995587014993,1,0,5,2010-01-04,2011-05-16,84.2995587014993,usr_aa74b27f3066
82.24264445548575,2,0,6,2010-01-04,2011-05-16,84.24264445548575,usr_2090faeced09
80.24236576102315,4,0,2,2010-01-04,2011-05-16,84.24236576102315,usr_04959dc39157
83.1838015711318,1,0,3,2010-01-04,2011-05-16,84.1838015711318,usr_99d568144b11
81.1517070123816,3,0,12,2010-01-04,2011-05-16,84.1517070123816,usr_b965e196c70e
80.14291343224887,4,0,4,2010-01-04,2010-12-08,84.14291343224887,usr_cef828087ff3
81.11722703196325,3,0,17,2010-01-04,2011-05-16,84.11722703196325,usr_b66ae0cb7f03
80.11427184180081,4,0,3,2010-01-04,2010-08-13,84.11427184180081,usr_c6c044e636eb
81.04623979071984,3,0,3,2010-01-04,2011-05-16,84.04623979071984,usr_db26f3573b07
80.04005647421769,4,0,14,2010-01-04,2011-05-16,84.04005647421769,usr_cc043e342270
81.97451562330963,2,0,6,2010-01-04,2011-05-16,83.97451562330963,usr_137fe225dc8c
82.94546783710442,1,0,4,2010-01-04,2011-05-16,83.94546783710442,usr_6a0b11a94f91
80.93894421439548,3,0,4,2010-01-04,2010-11-30,83.93894421439548,usr_9291913deba9
80.87848380189125,3,0,5,2010-01-04,2011-05-16,83.87848380189125,usr_f970ed811113
79.87209574087414,4,0,4,2010-01-04,2011-05-16,83.87209574087414,usr_f3fb044528f1
82.79717706926812,1,0,5,2010-01-04,2011-05-16,83.79717706926812,usr_db597b175734
81.71188028609564,2,0,4,2010-01-04,2011-05-16,83.71188028609564,usr_fd7594c676fa
80.65073449375684,3,0,3,2010-01-04,2011-03-24,83.65073449375684,usr_1bf2b7947e1c
81.64587272786348,2,0,6,2010-01-04,2011-05-16,83.64587272786348,usr_c54327376fb8
81.59499962156619,2,0,2,2010-01-04,2010-06-11,83.59499962156619,usr_f49a80416c5f
80.57363290001265,3,0,3,2010-01-04,2010-08-04,83.57363290001265,usr_ecfbe29b58e5
82.54264894422377,1,0,7,2010-01-04,2011-05-16,83.54264894422377,usr_ffbc06a184a4
81.53962745736807,2,0,2,2010-01-04,2011-05-16,83.53962745736807,usr_e6bd80593532
81.52967857593853,2,0,16,2010-01-04,2011-05-16,83.52967857593853,usr_080cd56ba71a
82.50587050665122,1,0,1,2010-01-04,2011-05-16,83.50587050665122,usr_e3092b249399
80.38209636116395,3,0,11,2010-01-04,2011-05-16,83.38209636116395,usr_cedac602361e
82.3267836389482,1,0,1,2010-01-04,2010-08-13,83.3267836389482,usr_c623fcbaf3fd
82.32502135307213,1,0,1,2010-01-04,2011-05-16,83.32502135307213,usr_b0543290019a
81.32086240336754,2,0,3,2010-01-04,2011-05-16,83.32086240336754,usr_f663c06f2ccf
80.26825722941244,3,0,6,2010-01-04,2011-05-16,83.26825722941244,usr_562805a481b8
81.20125535752575,2,0,3,2010-01-04,2011-05-16,83.20125535752575,usr_c72e8a558223
79.17252490544787,4,0,10,2010-01-04,2011-05-12,83.17252490544787,usr_864a4b46c016
82.13434377953963,1,0,7,2010-01-04,2011-05-16,83.13434377953963,usr_14225b94d8d4
80.087330394713,3,0,7,2010-01-04,2011-05-16,83.087330394713,usr_76d192f1f160
81.07733123559309,2,0,8,2010-01-04,2011-05-16,83.07733123559309,usr_d3045f225642
81.99235624346,1,0,13,2010-01-04,2011-05-16,82.99235624346,usr_3b12f82ed413
80.9622826742765,2,0,14,2010-01-04,2011-05-16,82.9622826742765,usr_895bca097d58
78.90570723710397,4,0,29,2010-01-04,2011-05-16,82.90570723710397,usr_b1b31b801e7f
77.86749091663079,5,0,18,2010-01-02,2011-05-16,82.86749091663079,usr_609663fb068f
79.85903882877312,3,0,5,2010-01-04,2011-03-18,82.85903882877312,usr_bded62f99db5
80.85621723050605,2,0,2,2010-01-04,2011-05-16,82.85621723050605,usr_ef7c6131b726
81.76133930128195,1,0,13,2010-01-04,2011-05-16,82.76133930128195,usr_26fe8154c50e
80.74167899841166,2,0,9,2010-01-04,2011-05-16,82.74167899841166,usr_84033f0a6b17
81.726485731205,1,0,20,2010-01-02,2010-12-02,82.726485731205,usr_af48b82308ed
81.69323551446516,1,0,9,2010-01-04,2011-05-16,82.69323551446516,usr_ca934a6368c2
80.68289469684001,2,0,8,2010-01-04,2011-05-16,82.68289469684001,usr_981bb51612fe
78.6728948013849,4,0,9,2010-01-04,2011-05-16,82.6728948013849,usr_ca84d0aeb68e
80.63947523555004,2,0,40,2010-01-04,2011-05-16,82.63947523555004,usr_41d8d3ddb0c9
81.62388355310604,1,0,9,2010-01-04,2011-04-11,82.62388355310604,usr_f322043cd80c
80.60266980205714,2,0,14,2010-01-04,2011-05-16,82.60266980205714,usr_ef6fb2b95c57
80.58075635845037,2,0,9,2010-01-04,2011-05-16,82.58075635845037,usr_c3247b6f3060
78.51376775061406,4,0,11,2010-01-04,2011-05-16,82.51376775061406,usr_0224adc02e3d
79.42289284264844,3,0,31,2010-01-04,2011-05-16,82.42289284264844,usr_44c3daf01560
80.4058145433614,2,0,6,2010-01-04,2011-05-16,82.4058145433614,usr_dffa7ea889e8
79.37620931090551,3,0,1,2010-01-02,2010-04-01,82.37620931090551,usr_1cc2aa47f8d6
81.33633623371136,1,0,4,2010-01-04,2011-05-16,82.33633623371136,usr_c97866bce418
81.24860426850643,1,0,1,2010-01-04,2011-05-16,82.24860426850643,usr_db0e771e35bb
78.23829477397888,4,0,28,2010-01-04,2011-01-14,82.23829477397888,usr_a745525e7deb
78.21604894290934,4,0,17,2010-01-04,2011-05-16,82.21604894290934,usr_b725bff7d615
78.21332890398625,4,0,22,2010-01-04,2011-05-16,82.21332890398625,usr_2caf486cf075
78.20986315700388,4,0,21,2010-01-04,2011-05-16,82.20986315700388,usr_7539f78ddd20
77.17258059436683,5,0,6,2010-01-04,2011-03-04,82.17258059436683,usr_372871889986
80.16793312042581,2,0,5,2010-01-04,2011-05-16,82.16793312042581,usr_698a259802b5
79.11818459116007,3,0,13,2010-01-03,2011-05-16,82.11818459116007,usr_467e81bcddbd
80.0898138391149,2,0,7,2010-01-04,2011-05-16,82.0898138391149,usr_878b5e43b2a2
80.03830046837702,2,0,18,2010-01-04,2011-05-16,82.03830046837702,usr_cf0b48e76cee
81.02319983641574,1,0,6,2010-01-04,2011-05-16,82.02319983641574,usr_72369a58f421
80.01974222175772,2,0,6,2010-01-04,2011-05-16,82.01974222175772,usr_17198fce327e
79.97494796404798,2,0,3,2010-01-04,2011-04-29,81.97494796404798,usr_99a4ae776c73
79.94695001863718,2,0,7,2010-01-04,2011-05-16,81.94695001863718,usr_3a7c1ff99b00
80.94412063502466,1,0,18,2010-01-04,2011-05-16,81.94412063502466,usr_1f5d9c260598
79.90023517321248,2,0,33,2010-01-04,2011-05-16,81.90023517321248,usr_97db6661c06f
80.87856698934182,1,0,5,2010-01-04,2011-05-16,81.87856698934182,usr_fe953788d204
80.82346649401482,1,0,9,2010-01-04,2011-05-16,81.82346649401482,usr_c285a1e8f03c
80.77752162482572,1,0,4,2010-01-04,2011-05-16,81.77752162482572,usr_a485204d8cad
79.72495537642475,2,0,4,2010-01-04,2011-05-16,81.72495537642475,usr_7143ff998251
78.70140093354337,3,0,8,2010-01-04,2011-05-16,81.70140093354337,usr_e98c0052341a
79.67674993646692,2,0,18,2010-01-04,2011-05-16,81.67674993646692,usr_4e99b7906969
80.6437124190571,1,0,7,2010-01-04,2011-05-16,81.6437124190571,usr_dcaa47de1fc3
80.5970091378214,1,0,5,2010-01-04,2011-05-16,81.5970091378214,usr_396c9ecebc62
79.58576562259114,2,0,11,2010-01-04,2011-05-16,81.58576562259114,usr_9be50984a4f2
78.46430027819477,3,0,25,2010-01-04,2011-05-16,81.46430027819477,usr_de11e9400630
80.46216709449973,1,0,6,2010-01-04,2011-05-16,81.46216709449973,usr_e5d7843116e2
79.45695268262178,2,0,40,2010-01-04,2011-05-16,81.45695268262178,usr_e35e02c46920
79.43773554292969,2,0,15,2010-01-04,2011-05-16,81.43773554292969,usr_b1666ae9a8b5
80.43064635807104,1,0,1,2010-01-04,2011-05-16,81.43064635807104,usr_b6098820012e
79.41399959825917,2,0,0,2010-01-04,2011-05-16,81.41399959825917,usr_1c5b985b526b
78.3851236708416,3,0,6,2010-01-04,2011-05-16,81.3851236708416,usr_629a397a4db4
79.3801839792421,2,0,2,2010-01-04,2011-05-16,81.3801839792421,usr_476a1b828edd
80.32588282057843,1,0,10,2010-01-04,2011-05-16,81.32588282057843,usr_f9b9dba1908d
79.28675875579616,2,0,37,2010-01-04,2011-05-16,81.28675875579616,usr_c6fd42fa939c
78.28518656687642,3,0,7,2010-01-04,2011-05-16,81.28518656687642,usr_b33fa7fc0653
78.27575556444881,3,0,5,2010-01-04,2010-08-12,81.27575556444881,usr_5a39d4af52cd
79.25707546547217,2,0,6,2010-01-04,2011-05-16,81.25707546547217,usr_dbd422533b31
80.25020774828131,1,0,8,2010-01-04,2011-05-16,81.25020774828131,usr_e587a0773cab
80.20808719220608,1,0,7,2010-01-04,2011-05-16,81.20808719220608,usr_503483d62d16
79.19432142162118,2,0,4,2010-01-04,2011-05-16,81.19432142162118,usr_853bea77f4ad
80.17359823339514,1,0,18,2010-01-03,2011-05-16,81.17359823339514,usr_74b1a3a6fe1f
79.11238837894011,2,0,7,2010-01-04,2011-05-16,81.11238837894011,usr_29dbac81d71a
80.09349778736139,1,0,2,2010-01-04,2011-05-16,81.09349778736139,usr_11b69663e807
78.09134468930142,3,0,5,2010-01-04,2011-05-16,81.09134468930142,usr_c43721e864d2
80.03108726990295,1,0,4,2010-01-04,2010-12-30,81.03108726990295,usr_e773da8399a7
77.95109709122046,3,0,29,2010-01-04,2011-05-16,80.95109709122046,usr_7ff16a221ad7
79.94693018743438,1,0,7,2010-01-04,2011-05-16,80.94693018743438,usr_13e0c8fa795f
78.90291042674775,2,0,7,2010-01-04,2011-05-16,80.90291042674775,usr_7b01d4be3100
77.8440747046769,3,0,4,2010-01-04,2011-05-16,80.8440747046769,usr_b6dbab5723d3
78.82138764225064,2,0,2,2010-01-04,2011-05-16,80.82138764225064,usr_493c66ccf076
78.80543915158339,2,0,13,2010-01-04,2011-05-16,80.80543915158339,usr_1817b72362da
78.75912416641874,2,0,12,2010-01-02,2011-05-16,80.75912416641874,usr_36de203cbc64
79.74593420601308,1,0,5,2010-01-04,2011-05-16,80.74593420601308,usr_262f16a8f42e
78.70411046377535,2,0,6,2010-01-04,2011-05-16,80.70411046377535,usr_3d61466018d8
79.7005856242408,1,0,1,2010-01-04,2011-05-16,80.7005856242408,usr_c319b8b3c9ab
77.67549901190932,3,0,19,2010-01-04,2011-05-16,80.67549901190932,usr_161b5ac1870e
79.62872806549521,1,0,2,2010-01-04,2011-04-29,80.62872806549521,usr_ee8ff27c1853
79.6149559255665,1,0,11,2010-01-04,2011-05-16,80.6149559255665,usr_fee64829614c
79.56183532564685,1,0,9,2010-01-04,2011-05-16,80.56183532564685,usr_6dcc6514ffbd
78.53900456720692,2,0,31,2010-01-04,2011-05-16,80.53900456720692,usr_d3bd5c74c9ac
77.52214587855161,3,0,23,2010-01-04,2011-05-16,80.52214587855161,usr_f3141b6211b5
78.50500187086728,2,0,21,2010-01-04,2011-05-16,80.50500187086728,usr_a1c41e8b9e16
79.42146844294525,1,0,4,2010-01-04,2010-07-16,80.42146844294525,usr_3ec84976a36e
78.40734842779493,2,0,12,2010-01-04,2011-05-16,80.40734842779493,usr_c1b15999e8ca
78.3903505066949,2,0,1,2010-01-04,2011-05-16,80.3903505066949,usr_1780a8558b81
78.36597555260792,2,0,3,2010-01-04,2011-05-16,80.36597555260792,usr_605a09fce1b1
79.35027712434061,1,0,11,2010-01-04,2011-05-16,80.35027712434061,usr_a51d8922a60a
78.3497725899501,2,0,34,2010-01-04,2011-05-16,80.3497725899501,usr_034f27141ea0
78.34799310049921,2,0,5,2010-01-04,2011-05-16,80.34799310049921,usr_4dc14dc4622a
79.33977154650817,1,0,14,2010-01-04,2011-05-16,80.33977154650817,usr_b8a9fd5cfb07
78.32915641883581,2,0,14,2010-01-04,2011-05-16,80.32915641883581,usr_2e644fd18bc5
79.32091677216007,1,0,11,2010-01-04,2010-08-16,80.32091677216007,usr_87a697ab0e26
79.28938400551894,1,0,17,2010-01-03,2011-05-16,80.28938400551894,usr_e5bc7480d205
78.23006294358792,2,0,5,2010-01-04,2011-05-16,80.23006294358792,usr_864efb429f80
79.15144153757667,1,0,5,2010-01-04,2011-05-16,80.15144153757667,usr_bad6ba83b7d7
78.09609059668298,2,0,1,2010-01-04,2010-08-31,80.09609059668298,usr_9fd2678773cf
79.07739013976736,1,0,21,2010-01-04,2011-05-16,80.07739013976736,usr_770ee5e04c80
79.07668774714939,1,0,3,2010-01-04,2011-05-16,80.07668774714939,usr_e4dcdbcd4bd8
78.99230418577532,1,0,12,2010-01-04,2011-05-16,79.99230418577532,usr_99bccebe9da7
78.90397327547944,1,0,9,2010-01-04,2011-05-16,79.90397327547944,usr_41e2457d2aa6
77.88630187764866,2,0,3,2010-01-04,2011-05-16,79.88630187764866,usr_3401c2511325
78.8722884091031,1,0,40,2010-01-04,2011-05-16,79.8722884091031,usr_2b0ab9473bd7
78.85004144548529,1,0,6,2010-01-04,2011-05-16,79.85004144548529,usr_54af148581d1
78.83429150190804,1,0,5,2010-01-04,2011-02-22,79.83429150190804,usr_3fae4f45b2f8
78.83248824378452,1,0,4,2010-01-04,2010-06-30,79.83248824378452,usr_58ead6501008
78.82117667413152,1,0,8,2010-01-04,2011-05-16,79.82117667413152,usr_3993faf24da0
77.77881303521013,2,0,6,2010-01-04,2011-05-16,79.77881303521013,usr_209516745c19
78.76523587364635,1,0,2,2010-01-04,2011-05-16,79.76523587364635,usr_edcf9a11b628
77.70215347022919,2,0,5,2010-01-04,2011-05-16,79.70215347022919,usr_7e5416347aa6
78.68064230692165,1,0,3,2010-01-04,2011-05-16,79.68064230692165,usr_3ff9ac1edc70
77.6375168628704,2,0,3,2010-01-04,2011-05-16,79.6375168628704,usr_25e6173266c4
78.6089813479618,1,0,24,2010-01-04,2011-05-16,79.6089813479618,usr_6cf968623ab4
77.59542879023954,2,0,13,2010-01-04,2011-05-16,79.59542879023954,usr_e796240cb76a
78.57772543908958,1,0,8,2010-01-04,2011-05-16,79.57772543908958,usr_3108c0fa6a78
77.56570916034278,2,0,14,2010-01-04,2011-05-16,79.56570916034278,usr_3c9bc7ee1198
77.53935703886245,2,0,3,2010-01-04,2011-05-16,79.53935703886245,usr_8cf7de2a5017
77.5320483064715,2,0,34,2010-01-04,2011-05-16,79.5320483064715,usr_0d9cf055ea5a
78.51666793769738,1,0,9,2010-01-03,2011-05-16,79.51666793769738,usr_ff58de709b4c
77.4341552097104,2,0,13,2010-01-04,2011-05-16,79.4341552097104,usr_4ac925988275
78.43096204759534,1,0,4,2010-01-04,2011-05-16,79.43096204759534,usr_aace001e461d
78.41898801035576,1,0,8,2010-01-04,2011-05-16,79.41898801035576,usr_fef5ea573bc3
78.4055210769603,1,0,2,2010-01-04,2010-11-18,79.4055210769603,usr_a4941702a323
78.3948302698999,1,0,17,2010-01-04,2011-05-16,79.3948302698999,usr_fa6c17328ebb
78.36775336348424,1,0,2,2010-01-04,2011-05-16,79.36775336348424,usr_1e5a2e544771
78.32152478780341,1,0,9,2010-01-04,2011-05-16,79.32152478780341,usr_acd03660d36e
77.29737250633157,2,0,13,2010-01-04,2011-05-16,79.29737250633157,usr_e61210b10d15
77.29280761778045,2,0,8,2010-01-04,2011-05-16,79.29280761778045,usr_7bfeac7915a1
77.20889618623538,2,0,8,2010-01-02,2011-05-16,79.20889618623538,usr_06174f61df72
78.1940116092467,1,0,4,2010-01-04,2011-05-16,79.1940116092467,usr_5775bff0898a
77.18312142082321,2,0,2,2010-01-04,2011-05-16,79.18312142082321,usr_177d22e53402
78.11708189128709,1,0,11,2010-01-04,2011-05-16,79.11708189128709,usr_84d2e7e4186c
78.0711834663449,1,0,15,2010-01-02,2010-09-10,79.0711834663449,usr_5219f2f13613
78.03749145755398,1,0,10,2010-01-04,2011-05-16,79.03749145755398,usr_842ae7641846
77.93118308735146,1,0,5,2010-01-04,2011-05-16,78.93118308735146,usr_4f0a81ede00f
77.85881517025032,1,0,5,2010-01-04,2011-05-16,78.85881517025032,usr_9c76a426c9d0
76.81394526682674,2,0,6,2010-01-04,2011-05-16,78.81394526682674,usr_8bb7c2e7b8e6
76.74532595897995,2,0,4,2010-01-04,2010-11-23,78.74532595897995,usr_84b7100e7d50
77.74374792652509,1,0,20,2010-01-04,2011-05-16,78.74374792652509,usr_363d20fdbd49
77.71379797863216,1,0,1,2010-01-04,2011-05-16,78.71379797863216,usr_9a984c585833
77.66014693112152,1,0,32,2010-01-04,2011-01-27,78.66014693112152,usr_5f53d8b5bec1
77.61604967180054,1,0,7,2010-01-04,2011-05-16,78.61604967180054,usr_ac40731d5001
77.60864410275545,1,0,7,2010-01-04,2011-05-16,78.60864410275545,usr_ad5797059378
76.57386412940687,2,0,15,2010-01-04,2011-05-16,78.57386412940687,usr_8cae564d3165
76.5041202289991,2,0,8,2010-01-04,2011-05-16,78.5041202289991,usr_1528e4b060da
77.48744060112833,1,0,15,2010-01-04,2011-05-16,78.48744060112833,usr_d41c40ded83c
77.47508813991534,1,0,3,2010-01-04,2011-05-16,78.47508813991534,usr_789148faa82d
77.43556226956332,1,0,3,2010-01-04,2011-05-16,78.43556226956332,usr_ecdbfd643ec7
76.4233060067187,2,0,3,2010-01-04,2011-05-16,78.4233060067187,usr_ee19933f12ea
76.4153713685105,2,0,6,2010-01-04,2011-05-16,78.4153713685105,usr_ee47b4c74129
77.40512684980786,1,0,5,2010-01-04,2011-05-16,78.40512684980786,usr_c0ba60be83cb
77.38362492422877,1,0,43,2010-01-04,2011-05-16,78.38362492422877,usr_3fb8a598da3c
77.34967256156209,1,0,8,2010-01-04,2011-05-16,78.34967256156209,usr_3149763349d4
76.3386961334321,2,0,12,2010-01-04,2011-05-16,78.3386961334321,usr_c378fd847ea2
77.30909570521311,1,0,5,2010-01-04,2011-05-16,78.30909570521311,usr_707b2fe67814
77.30295308544417,1,0,1,2010-01-04,2011-05-16,78.30295308544417,usr_7226b6d8a393
77.30027995295212,1,0,5,2010-01-04,2011-05-16,78.30027995295212,usr_6625dabed82c
77.29477232652451,1,0,0,2010-01-04,2010-12-20,78.29477232652451,usr_7665b53c8ee8
77.24532404516636,1,0,21,2010-01-04,2011-05-16,78.24532404516636,usr_5ce6d31b093b
76.19464955431643,2,0,14,2010-01-04,2011-05-16,78.19464955431643,usr_30a9018fccb2
77.19006407047485,1,0,4,2010-01-03,2010-10-16,78.19006407047485,usr_37a36f461288
77.1589031902841,1,0,10,2010-01-04,2011-05-16,78.1589031902841,usr_c7fadc37ee1e
77.09040975227992,1,0,4,2010-01-04,2010-07-27,78.09040975227992,usr_4e551bbe1dbe
77.07250455621887,1,0,12,2010-01-04,2010-05-10,78.07250455621887,usr_f8ef183f67a0
77.07037313918478,1,0,10,2010-01-04,2010-08-09,78.07037313918478,usr_8929f53000b0
76.0461849109729,2,0,6,2010-01-04,2011-05-16,78.0461849109729,usr_ea7f54f38497
77.04344996365094,1,0,5,2010-01-04,2011-02-11,78.04344996365094,usr_babfe2149d3a
75.99938833073267,2,0,7,2010-01-04,2011-05-16,77.99938833073267,usr_4e1425668e8c
76.99466061350697,1,0,3,2010-01-04,2011-05-16,77.99466061350697,usr_9d3607e44898
76.94558177663193,1,0,1,2010-01-04,2011-05-16,77.94558177663193,usr_f3652ba1d346
76.92295940034252,1,0,2,2010-01-04,2011-05-16,77.92295940034252,usr_f3dfbdf37854
76.9041370625449,1,0,2,2010-01-04,2011-05-16,77.9041370625449,usr_8b81cf79da0e
76.88793011647377,1,0,35,2010-01-04,2011-05-16,77.88793011647377,usr_c19678495919
76.80843198508752,1,0,10,2010-01-04,2011-05-16,77.80843198508752,usr_8684cb54c82c
76.78352234078612,1,0,11,2010-01-04,2011-05-16,77.78352234078612,usr_dbf9ac4de5e2
76.78247129229037,1,0,5,2010-01-04,2011-05-16,77.78247129229037,usr_abdfb7a2b068
76.75384429324484,1,0,4,2010-01-04,2011-05-16,77.75384429324484,usr_fc19e4609fdb
75.75153091402392,2,0,19,2010-01-04,2011-05-16,77.75153091402392,usr_cc8d38309120
76.74860875911337,1,0,4,2010-01-04,2011-05-16,77.74860875911337,usr_69123d699f60
76.72947467976971,1,0,4,2010-01-03,2010-05-14,77.72947467976971,usr_be58bb644a76
76.70301521940515,1,0,3,2010-01-04,2010-12-06,77.70301521940515,usr_b34d5a1a0940
76.6852977704123,1,0,1,2010-01-04,2011-05-16,77.6852977704123,usr_6506f21e5b06
76.63898247357243,1,0,35,2010-01-04,2011-05-16,77.63898247357243,usr_9a2ad5da43d1
76.60883398030884,1,0,2,2010-01-04,2011-05-16,77.60883398030884,usr_b88b077d2c40
76.57863339217376,1,0,4,2010-01-04,2010-09-24,77.57863339217376,usr_102344f688e0
76.54762610709038,1,0,18,2010-01-04,2011-05-16,77.54762610709038,usr_d43ffe2908e5
76.5176727803935,1,0,2,2010-01-04,2011-05-16,77.5176727803935,usr_eca1d0f59a5f
76.5137985227717,1,0,4,2010-01-04,2011-05-16,77.5137985227717,usr_ac164f9d4c09
76.4973538790626,1,0,3,2010-01-04,2011-05-16,77.4973538790626,usr_ec39448107de
75.48019744308587,2,0,1,2010-01-04,2011-05-16,77.48019744308587,usr_3b76f1243350
76.44806044258776,1,0,3,2010-01-04,2011-05-16,77.44806044258776,usr_19b5b5616189
76.39858771249604,1,0,3,2010-01-04,2010-02-12,77.39858771249604,usr_db02393e1b0e
76.3818653157826,1,0,4,2010-01-04,2011-05-16,77.3818653157826,usr_94be3fc236e2
76.37772514431697,1,0,3,2010-01-04,2011-05-16,77.37772514431697,usr_93d361b6d21a
76.33900913936405,1,0,13,2010-01-04,2011-05-16,77.33900913936405,usr_6a81c832637b
76.33630747407248,1,0,2,2010-01-04,2011-05-16,77.33630747407248,usr_42ffc8c0c7b3
76.32125064072473,1,0,10,2010-01-04,2011-05-16,77.32125064072473,usr_e1141a6440fd
76.32067025702386,1,0,2,2010-01-04,2010-09-29,77.32067025702386,usr_6d3103bc2954
76.30161273866257,1,0,2,2010-01-04,2011-05-16,77.30161273866257,usr_b592554489b9
76.27427205929203,1,0,12,2010-01-04,2011-05-16,77.27427205929203,usr_775d2eb3e182
76.21818904732504,1,0,2,2010-01-04,2011-05-16,77.21818904732504,usr_4642c2da0188
76.17576324964993,1,0,5,2010-01-04,2011-05-16,77.17576324964993,usr_eaee69d235ed
76.15223918155617,1,0,22,2010-01-04,2011-05-16,77.15223918155617,usr_dd52ddc4198f
76.1504598299857,1,0,5,2010-01-04,2011-05-16,77.1504598299857,usr_cbc743ac6b2c
76.11704961141564,1,0,9,2010-01-04,2011-05-16,77.11704961141564,usr_e495a34b97f5
76.1078210544185,1,0,8,2010-01-04,2011-05-16,77.1078210544185,usr_b7d116ba562f
76.10457951867134,1,0,1,2010-01-04,2011-05-16,77.10457951867134,usr_46561ea98e27
76.0768027489659,1,0,3,2010-01-04,2011-05-16,77.0768027489659,usr_870315353ed3
75.92409648306258,1,0,3,2010-01-04,2011-05-16,76.92409648306258,usr_be513d4b95cc
75.8445071683247,1,0,3,2010-01-04,2011-05-16,76.8445071683247,usr_7494735480c6
75.81383115256897,1,0,10,2010-01-04,2011-05-16,76.81383115256897,usr_fbd5e964d864
75.71980621342269,1,0,1,2010-01-04,2011-02-11,76.71980621342269,usr_089bdc47e778
75.6785388121404,1,0,29,2010-01-04,2011-05-16,76.6785388121404,usr_230621e01b74
75.67566096721485,1,0,28,2010-01-04,2011-05-16,76.67566096721485,usr_9782bc6b6eea
75.64495627118201,1,0,8,2010-01-04,2011-05-16,76.64495627118201,usr_7ecc50cd588a
75.4781452086875,1,0,11,2010-01-04,2011-05-16,76.4781452086875,usr_29ef565ca6c4
75.47722360768729,1,0,5,2010-01-04,2011-04-20,76.47722360768729,usr_a3694c6f70c7
75.46773419817175,1,0,28,2010-01-04,2011-05-16,76.46773419817175,usr_2a6bae4d22d3
75.4668677892028,1,0,1,2010-01-04,2011-05-16,76.4668677892028,usr_a55a68fe44d0
75.40534833771946,1,0,4,2010-01-04,2011-05-16,76.40534833771946,usr_fe974e1ad7cb
75.40437371968257,1,0,10,2010-01-04,2011-05-16,76.40437371968257,usr_7e808e5d4fe5
75.38600782570461,1,0,33,2010-01-04,2011-05-16,76.38600782570461,usr_ef3be4a2b68c
75.36881266849605,1,0,5,2010-01-04,2011-05-16,76.36881266849605,usr_24fec9e74543
75.32827965283988,1,0,5,2010-01-04,2011-05-16,76.32827965283988,usr_8ad8882056ea
75.31605483554513,1,0,10,2010-01-04,2011-05-16,76.31605483554513,usr_c2803c41f51a
75.28311394476748,1,0,5,2010-01-04,2011-05-16,76.28311394476748,usr_46925fa616b8
75.28087876386354,1,0,6,2010-01-04,2011-05-16,76.28087876386354,usr_3a354ea4fd50
75.27198473316089,1,0,25,2010-01-04,2011-05-16,76.27198473316089,usr_f8a70d774878
75.24475854219526,1,0,2,2010-01-04,2011-05-16,76.24475854219526,usr_1e5647e9c6e9
75.23663005193988,1,0,9,2010-01-04,2011-05-16,76.23663005193988,usr_0030497a7dc3
75.2199241117556,0,0,5,2010-01-04,2010-12-30,75.2199241117556,usr_71f57f77a3d3
75.21903932665846,0,0,3,2010-01-04,2011-05-16,75.21903932665846,usr_75b7592717d9
75.21120303483637,0,0,2,2010-01-04,2011-05-16,75.21120303483637,usr_d23320ed40f1
75.16916802841428,0,0,3,2010-01-04,2011-05-16,75.16916802841428,usr_1135e452ae6b
75.14163002607658,0,0,3,2010-01-04,2011-05-16,75.14163002607658,usr_76a4d444ac1d
75.09026535210936,0,0,18,2010-01-04,2011-05-16,75.09026535210936,usr_6bbd4366cc55
75.08764299580328,0,0,2,2010-01-04,2011-05-16,75.08764299580328,usr_b31bd7a72900
75.08479879320713,0,0,5,2010-01-04,2011-05-16,75.08479879320713,usr_d37f1c767c59
75.05418932713174,0,0,4,2010-01-04,2011-05-16,75.05418932713174,usr_bc631a2caa34
75.01586727299123,0,0,16,2010-01-04,2011-05-16,75.01586727299123,usr_96227b351fca
75.01439847733639,0,0,2,2010-01-04,2011-05-16,75.01439847733639,usr_7605d76e3ae2
75.00998902091582,0,0,1,2010-01-04,2011-04-26,75.00998902091582,usr_0a59353a6147
75.0020040222492,0,0,3,2010-01-04,2011-05-16,75.0020040222492,usr_3cd1563667bc
74.92303600698028,0,0,1,2010-01-04,2010-09-10,74.92303600698028,usr_bf16e1bf61df
74.82995718134651,0,0,1,2010-01-04,2010-07-23,74.82995718134651,usr_564b36d31b3b
74.77951182543084,0,0,3,2010-01-04,2010-06-09,74.77951182543084,usr_6d52f9d7cfd0
74.77643599761743,0,0,30,2010-01-04,2011-05-16,74.77643599761743,usr_9227f45bf432
74.7249106727453,0,0,31,2010-01-04,2011-05-16,74.7249106727453,usr_96fd29129082
74.69291953213957,0,0,12,2010-01-04,2011-05-16,74.69291953213957,usr_8f0da38fed7c
74.6758408931862,0,0,2,2010-01-04,2011-05-16,74.6758408931862,usr_bffed08d334d
74.66619504364634,0,0,1,2010-01-04,2011-05-16,74.66619504364634,usr_cf540bfa388f
74.65825270088364,0,0,21,2010-01-04,2011-05-16,74.65825270088364,usr_3b9bf0653409
74.64280102910824,0,0,34,2010-01-04,2011-05-16,74.64280102910824,usr_6fb5e665894e
74.61886113186722,0,0,0,2010-01-04,2010-09-30,74.61886113186722,usr_6f22efe71416
74.59143487204308,0,0,5,2010-01-02,2010-02-08,74.59143487204308,usr_53645f41f971
74.58716874436251,0,0,5,2010-01-04,2011-05-16,74.58716874436251,usr_d8df7475c845
74.5717464437311,0,0,3,2010-01-04,2011-05-16,74.5717464437311,usr_2d887512d953
74.56254428978832,0,0,10,2010-01-04,2011-05-16,74.56254428978832,usr_712b3c91e441
74.55443772856576,0,0,3,2010-01-04,2011-05-16,74.55443772856576,usr_bae6f68418ab
74.53323057974269,0,0,6,2010-01-04,2011-05-16,74.53323057974269,usr_8fc40223e536
74.5247297406232,0,0,4,2010-01-04,2010-10-08,74.5247297406232,usr_e1fb5f116245
74.47391789083078,0,0,11,2010-01-04,2011-01-14,74.47391789083078,usr_454db58e3449
74.46405137737602,0,0,0,2010-01-04,2010-12-10,74.46405137737602,usr_58602ff5680f
74.44451039697809,0,0,11,2010-01-04,2011-05-16,74.44451039697809,usr_082b3ec04424
74.44427238448024,0,0,4,2010-01-04,2011-05-16,74.44427238448024,usr_562def380c50
74.44082128434131,0,0,4,2010-01-04,2011-05-16,74.44082128434131,usr_472e0b7fe6c8
74.4380006342979,0,0,1,2010-01-04,2011-05-16,74.4380006342979,usr_e9b446d64893
74.40080765859827,0,0,9,2010-01-04,2011-05-16,74.40080765859827,usr_8a9846b2a224
74.39010859047002,0,0,7,2010-01-04,2011-05-16,74.39010859047002,usr_4ada6d2de92a
74.33520504649366,0,0,5,2010-01-04,2011-05-16,74.33520504649366,usr_d009262f7ebe
74.28713157116341,0,0,2,2010-01-04,2011-03-22,74.28713157116341,usr_d8c8e22aa8ae
74.24271336901944,0,0,2,2010-01-04,2011-05-16,74.24271336901944,usr_363068b67ca9
74.22907541311947,0,0,0,2010-01-04,2011-04-05,74.22907541311947,usr_44709e650bdb
74.20768786576197,0,0,7,2010-01-04,2011-03-08,74.20768786576197,usr_020a5a29c050
74.20410575438055,0,0,4,2010-01-04,2011-05-16,74.20410575438055,usr_1672b44bb00b
74.14341939795014,0,0,4,2010-01-04,2011-05-16,74.14341939795014,usr_14e5b9ff9cdd
74.10667894251219,0,0,9,2010-01-04,2011-05-16,74.10667894251219,usr_269c3769b287
74.1006205024781,0,0,4,2010-01-04,2011-05-16,74.1006205024781,usr_977ca43fdef6
74.08100162749928,0,0,36,2010-01-04,2011-05-16,74.08100162749928,usr_5ad0662b35a6
74.02234771567277,0,0,1,2010-01-04,2011-05-16,74.02234771567277,usr_fd2d4d1a4862
74.01890411468653,0,0,2,2010-01-04,2011-05-16,74.01890411468653,usr_07d81bec2200
73.95970497485277,0,0,4,2010-01-04,2011-05-16,73.95970497485277,usr_fbbe42662b76
73.92032491963313,0,0,1,2010-01-04,2011-05-16,73.92032491963313,usr_c40443a44750
73.91558013201649,0,0,0,2010-01-04,2011-05-16,73.91558013201649,usr_de0dfea550cf
73.91424207442502,0,0,13,2010-01-04,2011-05-16,73.91424207442502,usr_a60c45254e73
73.9082803126362,0,0,8,2010-01-04,2011-05-16,73.9082803126362,usr_34ebfb72624f
73.8260289074198,0,0,0,2010-01-04,2011-01-20,73.8260289074198,usr_c388b21579fd
73.76926225530953,0,0,1,2010-01-04,2011-05-16,73.76926225530953,usr_de4e685da003
73.73274363622117,0,0,2,2010-01-04,2010-11-15,73.73274363622117,usr_2df809616305
73.6065196976536,0,0,0,2010-01-04,2011-05-16,73.6065196976536,usr_b197899c3760
73.59390362577867,0,0,3,2010-01-04,2011-05-16,73.59390362577867,usr_d5f1f0386ee8
73.57892665177943,0,0,9,2010-01-04,2010-08-25,73.57892665177943,usr_dab0601e179a
73.56293518246595,0,0,4,2010-01-04,2011-05-16,73.56293518246595,usr_6eb73b63d466
73.54216382621158,0,0,2,2010-01-04,2011-05-16,73.54216382621158,usr_741cadcd4f80
73.5263657208845,0,0,1,2010-01-04,2011-05-16,73.5263657208845,usr_c26762a50622
73.51161018689758,0,0,12,2010-01-04,2011-05-16,73.51161018689758,usr_ceeb43ee2a00
73.50698709109567,0,0,17,2010-01-04,2011-05-16,73.50698709109567,usr_241992237a23
73.50360051811903,0,0,12,2010-01-04,2011-05-16,73.50360051811903,usr_01ffea83a988
73.4698562206835,0,0,3,2010-01-04,2011-05-16,73.4698562206835,usr_b4bd294994ff
73.45216327087606,0,0,6,2010-01-04,2011-05-16,73.45216327087606,usr_a9dcc4b8ea27
73.40961958255366,0,0,1,2010-01-04,2011-05-16,73.40961958255366,usr_6d85ca1b0bf2
73.30154583703961,0,0,0,2010-01-04,2011-05-16,73.30154583703961,usr_653b5eb2b834
73.29349057860271,0,0,4,2010-01-04,2010-11-24,73.29349057860271,usr_064b0895ca59
73.29335860545449,0,0,4,2010-01-04,2011-05-16,73.29335860545449,usr_ee567f0ff7ff
73.26375997494975,0,0,3,2010-01-04,2011-05-16,73.26375997494975,usr_84a7f43d39a0
73.24047060577769,0,0,2,2010-01-04,2011-05-16,73.24047060577769,usr_05a8bc3339f6
73.23575148028614,0,0,3,2010-01-04,2011-05-16,73.23575148028614,usr_367dae6e7f51
73.21852209850415,0,0,12,2010-01-04,2011-05-16,73.21852209850415,usr_1dbdc18e8959
73.18233347355303,0,0,6,2010-01-04,2011-05-16,73.18233347355303,usr_ea6ab25eb4ce
73.18070371239175,0,0,13,2010-01-04,2011-05-16,73.18070371239175,usr_2e723035592b
73.07379079491103,0,0,19,2010-01-04,2011-05-16,73.07379079491103,usr_d5752d37ba51
73.05851974445584,0,0,7,2010-01-04,2011-05-16,73.05851974445584,usr_14c9f699cf87
73.05016960918535,0,0,0,2010-01-04,2011-05-16,73.05016960918535,usr_e3ac5565c68e
73.02746874365198,0,0,4,2010-01-04,2011-05-16,73.02746874365198,usr_bb83bf1aa10f
73.0050591512924,0,0,15,2010-01-04,2011-05-16,73.0050591512924,usr_22c592dd38b8
72.92859363005104,0,0,4,2010-01-04,2011-05-16,72.92859363005104,usr_f1e0d95dafbf
72.91744025181104,0,0,18,2010-01-04,2011-05-16,72.91744025181104,usr_55167d4799a0
72.8912603338108,0,0,10,2010-01-04,2011-05-16,72.8912603338108,usr_9c5f5686540f
72.8548062342379,0,0,6,2010-01-04,2011-05-16,72.8548062342379,usr_5d391b16979b
72.8547658910151,0,0,29,2010-01-04,2011-05-16,72.8547658910151,usr_5cba83b634b2
72.81413108807668,0,0,2,2010-01-04,2011-05-16,72.81413108807668,usr_b2e82bbccf2e
72.7604593599922,0,0,10,2010-01-04,2011-05-16,72.7604593599922,usr_6ebd517528cc
72.75968473897089,0,0,1,2010-01-04,2011-05-16,72.75968473897089,usr_393ceba11483
72.72230828734467,0,0,14,2010-01-04,2011-05-16,72.72230828734467,usr_0e13362e3ee7
72.68732278984218,0,0,4,2010-01-04,2011-05-16,72.68732278984218,usr_124856bc77da
72.6229295553264,0,0,4,2010-01-04,2011-05-16,72.6229295553264,usr_5d21352fa8e1
72.62105875638069,0,0,1,2010-01-04,2011-05-16,72.62105875638069,usr_5088ac8fb3df
72.5714974412706,0,0,4,2010-01-04,2011-05-16,72.5714974412706,usr_99bbf41206ea
72.5251081066559,0,0,8,2010-01-04,2011-05-16,72.5251081066559,usr_5e3d701ff30a
72.51939340610399,0,0,2,2010-01-04,2011-05-16,72.51939340610399,usr_f7b47db636ee
72.5012546638902,0,0,8,2010-01-04,2011-05-16,72.5012546638902,usr_e2ba17f41a11
72.49993259111534,0,0,0,2010-01-04,2011-05-16,72.49993259111534,usr_ad3f20da3fb8
72.44916779388907,0,0,4,2010-01-04,2011-05-16,72.44916779388907,usr_6caaf12d0459
72.4374249119071,0,0,42,2010-01-04,2011-05-16,72.4374249119071,usr_57f35912abbb
72.43088602373017,0,0,17,2010-01-04,2011-02-09,72.43088602373017,usr_26bd4bae3f07
72.42422987266707,0,0,8,2010-01-04,2011-05-16,72.42422987266707,usr_bc3345c24779
72.41217045767252,0,0,9,2010-01-04,2011-05-16,72.41217045767252,usr_b40a97e073dc
72.37364538535535,0,0,2,2010-01-04,2011-03-11,72.37364538535535,usr_c910f0c5c2f0
72.35014491601152,0,0,1,2010-01-04,2011-05-16,72.35014491601152,usr_2b54efaf38c8
72.3050057676845,0,0,24,2010-01-04,2011-05-16,72.3050057676845,usr_1076c78614eb
72.26390324964466,0,0,1,2010-01-04,2011-05-16,72.26390324964466,usr_25778f10a3d0
72.22813552403157,0,0,2,2010-01-04,2010-10-15,72.22813552403157,usr_978280ad6db0
72.2109288591525,0,0,25,2010-01-04,2011-05-16,72.2109288591525,usr_e144f565fa3a
72.20094924467787,0,0,1,2010-01-04,2010-11-02,72.20094924467787,usr_bdf044bc98be
72.17925123780897,0,0,3,2010-01-04,2011-05-16,72.17925123780897,usr_248bedd948ca
72.14447450729352,0,0,2,2010-01-04,2011-05-16,72.14447450729352,usr_28a2572f0fe2
72.11895609208926,0,0,20,2010-01-04,2010-07-21,72.11895609208926,usr_3a5954c77932
72.08932337790098,0,0,8,2010-01-04,2011-05-16,72.08932337790098,usr_d673e5a025d4
72.06927951795934,0,0,5,2010-01-04,2011-05-16,72.06927951795934,usr_df688d423f02
72.0619385886155,0,0,3,2010-01-04,2011-05-16,72.0619385886155,usr_1c3c44f0edc0
72.02927413591641,0,0,10,2010-01-04,2011-05-16,72.02927413591641,usr_050012ff4c9d
72.01122857843691,0,0,6,2010-01-04,2011-05-16,72.01122857843691,usr_eedb16836e46
71.96566147506236,0,0,2,2010-01-04,2011-05-16,71.96566147506236,usr_bf6502c1504d
71.96086377937293,0,0,4,2010-01-04,2011-05-16,71.96086377937293,usr_c6b3cf89a1c7
71.95965262049943,0,0,4,2010-01-04,2010-09-08,71.95965262049943,usr_b17f839aa9ad
71.95726773295583,0,0,9,2010-01-04,2011-05-16,71.95726773295583,usr_1449dd965d42
71.92302861117979,0,0,0,2010-01-04,2011-05-16,71.92302861117979,usr_82ac3a2748db
71.86234421643633,0,0,10,2010-01-04,2011-05-16,71.86234421643633,usr_454e9b9fab68
71.82124699632143,0,0,2,2010-01-04,2011-05-16,71.82124699632143,usr_4fbea5bc4ef3
71.79828928502316,0,0,5,2010-01-04,2011-01-12,71.79828928502316,usr_f81af682279d
71.75298438739918,0,0,15,2010-01-04,2011-05-16,71.75298438739918,usr_46ac7b3627fb
71.70687598720978,0,0,0,2010-01-04,2011-05-16,71.70687598720978,usr_e1706ebac116
71.69004202965459,0,0,20,2010-01-04,2011-05-16,71.69004202965459,usr_309036a59889
71.64236376252515,0,0,0,2010-01-04,2011-05-16,71.64236376252515,usr_b52fa240ace9
71.6143563063795,0,0,15,2010-01-04,2011-05-16,71.6143563063795,usr_e497ca4784c4
71.57476799746145,0,0,0,2010-01-04,2010-10-07,71.57476799746145,usr_3b69480ed275
71.5597505067588,0,0,39,2010-01-04,2011-05-16,71.5597505067588,usr_cc312559b2a8
71.52968069578965,0,0,8,2010-01-04,2011-05-16,71.52968069578965,usr_19d2ef8788a3
71.49799290753676,0,0,0,2010-01-04,2011-05-16,71.49799290753676,usr_f7167e66888f
71.46057850569711,0,0,17,2010-01-04,2011-05-16,71.46057850569711,usr_827cdbf9c0de
71.42020372165656,0,0,8,2010-01-04,2011-05-16,71.42020372165656,usr_65c80fa4e78f
71.41372089782713,0,0,8,2010-01-04,2011-05-16,71.41372089782713,usr_6698b0d006dd
71.38727386194216,0,0,3,2010-01-04,2011-05-16,71.38727386194216,usr_81289dc27127
71.37261297543085,0,0,6,2010-01-04,2011-05-16,71.37261297543085,usr_4fcaad61063e
71.34486609953372,0,0,23,2010-01-04,2011-05-16,71.34486609953372,usr_d2372efd778d
71.33680340135167,0,0,4,2010-01-04,2011-05-16,71.33680340135167,usr_199af0f61817
71.3353673284543,0,0,0,2010-01-04,2011-03-04,71.3353673284543,usr_76b67d5070f8
71.28019292728173,0,0,5,2010-01-04,2011-05-16,71.28019292728173,usr_7f3e0cd8bd23
71.26599949918216,0,0,9,2010-01-04,2011-05-16,71.26599949918216,usr_2d0fe82837b8
71.1827842596776,0,0,13,2010-01-04,2011-05-16,71.1827842596776,usr_b7de36b8ff90
71.17080828473273,0,0,5,2010-01-04,2011-05-16,71.17080828473273,usr_2e575d87b1a6
71.10894183396888,0,0,5,2010-01-04,2011-05-16,71.10894183396888,usr_3d35b58b25b7
71.09779303842431,0,0,1,2010-01-04,2011-05-16,71.09779303842431,usr_4918fd0ef78e
71.09675852813892,0,0,7,2010-01-04,2011-05-16,71.09675852813892,usr_ef1baac107a9
71.08430327201545,0,0,7,2010-01-04,2011-05-16,71.08430327201545,usr_8d82055b22e7
71.08353050742271,0,0,1,2010-01-04,2010-03-26,71.08353050742271,usr_5dbd4e02d5e6
71.0592031281211,0,0,2,2010-01-04,2011-02-25,71.0592031281211,usr_49f8c3d95bab
71.0384241456401,0,0,0,2010-01-04,2010-07-29,71.0384241456401,usr_8c41f5795e79
70.97038393942161,0,0,3,2010-01-04,2011-05-16,70.97038393942161,usr_43dfea15fb41
70.94977856228225,0,0,1,2010-01-04,2011-05-16,70.94977856228225,usr_064042d47367
70.86573421646384,0,0,1,2010-01-04,2011-05-16,70.86573421646384,usr_12c5d12f7592
70.83065941883717,0,0,3,2010-01-04,2011-05-16,70.83065941883717,usr_7c6cca876b8d
70.80097256758877,0,0,4,2010-01-04,2011-05-16,70.80097256758877,usr_0fa316d00a07
70.7940146921194,0,0,0,2010-01-04,2011-05-16,70.7940146921194,usr_bb310fafcc2f
70.76074387920859,0,0,0,2010-01-04,2010-08-19,70.76074387920859,usr_2adbee8b1271
70.69947126345762,0,0,0,2010-01-04,2010-10-08,70.69947126345762,usr_f33614be322f
70.69346272483243,0,0,2,2010-01-04,2011-05-16,70.69346272483243,usr_8a6ac670de64
70.66598384363823,0,0,3,2010-01-04,2011-05-16,70.66598384363823,usr_bc252e0c6962
70.66096946614792,0,0,14,2010-01-04,2011-05-16,70.66096946614792,usr_7eca2bd2654d
70.65720206109654,0,0,3,2010-01-04,2010-11-24,70.65720206109654,usr_ac12b47cd851
70.59134437543837,0,0,0,2010-01-04,2011-05-16,70.59134437543837,usr_bafbf35bb341
70.57571002744827,0,0,5,2010-01-04,2011-05-16,70.57571002744827,usr_4b06e10d26aa
70.56873639368077,0,0,7,2010-01-02,2011-05-16,70.56873639368077,usr_0e9fc216023d
70.55742775903138,0,0,14,2010-01-04,2011-05-16,70.55742775903138,usr_5360da2aa15c
70.53323740050195,0,0,10,2010-01-04,2011-05-16,70.53323740050195,usr_85408518e61f
70.484132002381,0,0,0,2010-01-04,2011-05-16,70.484132002381,usr_fe077962a22d
70.46114555680907,0,0,8,2010-01-04,2011-05-16,70.46114555680907,usr_2a6822c5c884
70.45215201405398,0,0,2,2010-01-04,2011-05-16,70.45215201405398,usr_e366df4e8406
70.39421898597047,0,0,3,2010-01-04,2011-05-16,70.39421898597047,usr_e69c0154f556
70.3858182966947,0,0,6,2010-01-04,2011-05-16,70.3858182966947,usr_e52b2cc64da0
70.264587459768,0,0,11,2010-01-04,2011-05-16,70.264587459768,usr_5298b7086865
70.24295248434284,0,0,3,2010-01-04,2011-05-16,70.24295248434284,usr_67f0e4e697d4
70.2205932483712,0,0,1,2010-01-04,2011-05-16,70.2205932483712,usr_1552341d69ed
70.16669366226682,0,0,0,2010-01-04,2011-05-16,70.16669366226682,usr_205d0d79fb27
70.16496356380598,0,0,21,2010-01-04,2011-05-16,70.16496356380598,usr_c1408ab544fe
70.16072620936725,0,0,1,2010-01-04,2011-05-16,70.16072620936725,usr_f0477cf57f17
70.07225236636691,0,0,13,2010-01-04,2011-05-16,70.07225236636691,usr_71d7699e344c
69.99610089140491,0,0,4,2010-01-04,2011-05-16,69.99610089140491,usr_357e017a3caf
69.97425127372799,0,0,3,2010-01-04,2011-05-16,69.97425127372799,usr_784398b401fd
69.9664915353976,0,0,4,2010-01-04,2010-10-29,69.9664915353976,usr_2af1c4935244
69.91863935941971,0,0,3,2010-01-04,2011-05-16,69.91863935941971,usr_1c85d5ec1067
69.88011003039443,0,0,0,2010-01-04,2011-05-16,69.88011003039443,usr_0156dbebcbf8
69.86203526176865,0,0,0,2010-01-04,2011-04-12,69.86203526176865,usr_b97e0369052e
69.83936580542446,0,0,7,2010-01-03,2011-05-16,69.83936580542446,usr_93a561633a1e
69.8008811285479,0,0,9,2010-01-04,2011-04-11,69.8008811285479,usr_5533e0a95675
69.78435830791598,0,0,1,2010-01-04,2011-05-16,69.78435830791598,usr_647f22671bca
69.71103507966505,0,0,2,2010-01-04,2011-05-16,69.71103507966505,usr_bad92ef16e26
69.71090776208023,0,0,9,2010-01-04,2011-05-16,69.71090776208023,usr_9b425495f9ae
69.68670747078568,0,0,0,2010-01-04,2011-05-16,69.68670747078568,usr_6f77833b127d
69.64801754549022,0,0,4,2010-01-04,2011-05-16,69.64801754549022,usr_be7ae0f8e27b
69.63810541193122,0,0,6,2010-01-04,2011-05-16,69.63810541193122,usr_a40df1e17c52
69.62346768312328,0,0,1,2010-01-04,2011-05-16,69.62346768312328,usr_6018d027755d
69.61843729370361,0,0,3,2010-01-04,2011-05-16,69.61843729370361,usr_af8b54ef7ad8
69.52572474094477,0,0,0,2010-01-04,2011-05-16,69.52572474094477,usr_4436be5efd7d
69.50014077120642,0,0,1,2010-01-04,2010-04-06,69.50014077120642,usr_534aad5a7415
69.4554416374229,0,0,4,2010-01-04,2011-05-16,69.4554416374229,usr_3c2c96e97584
69.44786695789645,0,0,34,2010-01-04,2011-05-16,69.44786695789645,usr_ae2f263e213c
69.43819198555106,0,0,0,2010-01-04,2011-05-16,69.43819198555106,usr_e2c072f972a7
69.43291138574831,0,0,1,2010-01-04,2011-05-16,69.43291138574831,usr_fbbd8b23284c
69.41674852773738,0,0,1,2010-01-04,2010-06-08,69.41674852773738,usr_a36365a7107c
69.3860161146339,0,0,6,2010-01-04,2011-05-16,69.3860161146339,usr_6b6d8884bd5e
69.37579890053092,0,0,24,2010-01-04,2011-05-16,69.37579890053092,usr_5927459be580
69.36947088460664,0,0,1,2010-01-04,2010-02-19,69.36947088460664,usr_9d71de910108
69.33815781142519,0,0,7,2010-01-04,2010-03-12,69.33815781142519,usr_61563923dd6b
69.33505528989043,0,0,6,2010-01-04,2011-05-16,69.33505528989043,usr_39988cbe57d3
69.30763318522804,0,0,0,2010-01-04,2011-05-16,69.30763318522804,usr_f4bde5a7c026
69.20707584337794,0,0,5,2010-01-04,2011-05-16,69.20707584337794,usr_dd02e0f3f9d2
69.2044103460863,0,0,17,2010-01-04,2011-05-16,69.2044103460863,usr_58d13aca8daa
69.18214663038486,0,0,3,2010-01-04,2011-05-16,69.18214663038486,usr_ca584d90ad0d
69.17803010541719,0,0,3,2010-01-04,2010-08-17,69.17803010541719,usr_a0791be92b21
69.13337533507156,0,0,1,2010-01-04,2011-01-20,69.13337533507156,usr_fb7ae6943872
69.09717717652794,0,0,4,2010-01-04,2011-05-16,69.09717717652794,usr_f9e78840f51a
69.09717717652794,0,0,1,2010-01-04,2011-05-16,69.09717717652794,usr_3a77af2015d1
69.07449038229541,0,0,0,2010-01-04,2010-10-11,69.07449038229541,usr_2dcb37376cb2
69.03834407573136,0,0,0,2010-01-04,2011-05-16,69.03834407573136,usr_619192acab61
69.02293524253936,0,0,6,2010-01-04,2011-05-16,69.02293524253936,usr_800684a76b01
69.02149539547975,0,0,0,2010-01-04,2011-05-16,69.02149539547975,usr_eae8478c0eb9
69.00699952387095,0,0,6,2010-01-04,2011-05-16,69.00699952387095,usr_cb9d9f3e1846
68.99942170985518,0,0,1,2010-01-04,2011-05-16,68.99942170985518,usr_1f9e20d95a08
68.98020972356571,0,0,1,2010-01-04,2011-05-16,68.98020972356571,usr_2d1de9bfb2e1
68.96843329568348,0,0,6,2010-01-04,2011-05-16,68.96843329568348,usr_acbc24fe5349
68.95710918705132,0,0,3,2010-01-04,2011-05-16,68.95710918705132,usr_72f587a37b5b
68.9367325119194,0,0,4,2010-01-04,2010-10-28,68.9367325119194,usr_d552b303eded
68.93033345840904,0,0,0,2010-01-04,2011-05-16,68.93033345840904,usr_0589156a2108
68.85141696291322,0,0,0,2010-01-04,2011-05-16,68.85141696291322,usr_ceb360c3f9db
68.8322377903856,0,0,0,2010-01-04,2011-05-16,68.8322377903856,usr_7c075c21b96a
68.78295678756038,0,0,8,2010-01-04,2011-05-16,68.78295678756038,usr_310c8b6e5d3a
68.7785384776632,0,0,0,2010-01-04,2011-05-16,68.7785384776632,usr_d8363d6cf5f6
68.76164421594628,0,0,9,2010-01-04,2011-05-16,68.76164421594628,usr_1da6cb1da9d8
68.75742685259301,0,0,8,2010-01-04,2011-05-16,68.75742685259301,usr_fc2d16d2e11f
68.71056244584136,0,0,0,2010-01-04,2011-05-16,68.71056244584136,usr_17fd2f57dbb4
68.6637535803334,0,0,0,2010-01-04,2011-05-16,68.6637535803334,usr_c948b6fb24b6
68.63314693594057,0,0,2,2010-01-04,2011-05-16,68.63314693594057,usr_c9747fa46b7e
68.62155266849857,0,0,0,2010-01-04,2011-05-16,68.62155266849857,usr_08121286e7f8
68.58076286258664,0,0,3,2010-01-04,2011-05-16,68.58076286258664,usr_3b8ee3ec8099
68.57151240696106,0,0,3,2010-01-04,2011-05-16,68.57151240696106,usr_6de8481008b7
68.55985260780203,0,0,5,2010-01-04,2011-05-16,68.55985260780203,usr_340523804c69
68.50295550043356,0,0,14,2010-01-04,2011-05-16,68.50295550043356,usr_dbb514ed61cd
68.45801707864526,0,0,1,2010-01-04,2011-05-16,68.45801707864526,usr_a52d7b29635d
68.42742222987651,0,0,4,2010-01-04,2011-05-16,68.42742222987651,usr_75726dc970cd
68.40788272372795,0,0,10,2010-01-04,2011-05-16,68.40788272372795,usr_bde45f739849
68.36334296223549,0,0,0,2010-01-04,2011-05-16,68.36334296223549,usr_94857669910a
68.34651656917059,0,0,1,2010-01-04,2011-05-16,68.34651656917059,usr_a98256de204a
68.33623903829135,0,0,6,2010-01-04,2011-05-16,68.33623903829135,usr_463098651b3d
68.32725312823615,0,0,0,2010-01-04,2011-05-16,68.32725312823615,usr_58be4a01a05f
68.31845081318423,0,0,8,2010-01-04,2011-05-16,68.31845081318423,usr_318c01321773
68.31376163629108,0,0,0,2010-01-04,2010-04-28,68.31376163629108,usr_238a68f267da
68.31292636000876,0,0,0,2010-01-04,2011-05-16,68.31292636000876,usr_d0e9de0803db
68.30690087674093,0,0,3,2010-01-04,2011-05-16,68.30690087674093,usr_c0509e1fc049
68.27629690123703,0,0,10,2010-01-04,2011-05-16,68.27629690123703,usr_ee83a1228afb
68.27307538019787,0,0,1,2010-01-04,2011-05-16,68.27307538019787,usr_80ff1157ff18
68.26195814133936,0,0,1,2010-01-04,2011-01-05,68.26195814133936,usr_ecac0f4ebd96
68.26044479326958,0,0,4,2010-01-04,2010-08-26,68.26044479326958,usr_63885a458af9
68.24820382696598,0,0,4,2010-01-04,2011-05-16,68.24820382696598,usr_4bbe5fbb3cb3
68.21225656556258,0,0,6,2010-01-04,2011-02-23,68.21225656556258,usr_de91003de173
68.2003139774592,0,0,0,2010-01-04,2011-05-16,68.2003139774592,usr_d5ba273ec00c
68.09428199251994,0,0,4,2010-01-04,2011-05-16,68.09428199251994,usr_71395a40e89a
68.05501433270256,0,0,1,2010-01-04,2011-05-16,68.05501433270256,usr_952355f65bda
68.05501433270256,0,0,2,2010-01-04,2011-05-16,68.05501433270256,usr_39eadd71824c
68.05501433270256,0,0,1,2010-01-04,2011-05-16,68.05501433270256,usr_780eb74d69b5
68.04535581035022,0,0,1,2010-01-04,2011-05-16,68.04535581035022,usr_d9984959d475
67.92356096750251,0,0,8,2010-01-04,2011-05-16,67.92356096750251,usr_8fa83b5ab910
67.89495991029442,0,0,2,2010-01-04,2011-05-16,67.89495991029442,usr_41b99ae4c21e
67.8731286140763,0,0,0,2010-01-04,2011-05-16,67.8731286140763,usr_a3c4dc6dd871
67.79680442910959,0,0,2,2010-01-04,2011-05-16,67.79680442910959,usr_f485141a6245
67.78401192139839,0,0,2,2010-01-04,2011-05-16,67.78401192139839,usr_4a8341e607d4
67.76387821738108,0,0,5,2010-01-04,2011-05-16,67.76387821738108,usr_c6d21ae3de23
67.75957105655556,0,0,0,2010-01-04,2011-05-16,67.75957105655556,usr_9627ce79948c
67.75321832682637,0,0,9,2010-01-04,2011-05-16,67.75321832682637,usr_97b14b601138
67.6076727021517,0,0,0,2010-01-04,2011-05-16,67.6076727021517,usr_8c8e0886c858
67.59569760703796,0,0,1,2010-01-04,2011-05-16,67.59569760703796,usr_87346abbcad8
67.55553277476307,0,0,0,2010-01-04,2011-05-16,67.55553277476307,usr_51fd341ecb09
67.51359566295831,0,0,11,2010-01-04,2010-09-07,67.51359566295831,usr_83cd433cd93b
67.50283348755505,0,0,3,2010-01-04,2011-05-16,67.50283348755505,usr_312657e4a69a
67.48198839389345,0,0,6,2010-01-04,2011-05-16,67.48198839389345,usr_4c759854feb1
67.43670892484855,0,0,4,2010-01-04,2011-05-16,67.43670892484855,usr_44e742841653
67.41520761435592,0,0,6,2010-01-04,2011-05-16,67.41520761435592,usr_be9a569b4337
67.40752188929048,0,0,2,2010-01-04,2011-05-16,67.40752188929048,usr_bb3f1a83d6cf
67.3941179560961,0,0,0,2010-01-04,2011-05-16,67.3941179560961,usr_ac5fe2ef17f3
67.34774270493632,0,0,0,2010-01-04,2011-05-16,67.34774270493632,usr_3ac46ff40435
67.32030185324497,0,0,10,2010-01-04,2011-05-16,67.32030185324497,usr_d9bf7374828e
67.312221104863,0,0,6,2010-01-04,2011-05-16,67.312221104863,usr_7d0cc6283500
67.26515451608999,0,0,2,2010-01-04,2011-05-16,67.26515451608999,usr_81e3528e6557
67.12412158276295,0,0,0,2010-01-04,2011-03-18,67.12412158276295,usr_33c17a55c1b0
66.99618891306929,0,0,1,2010-01-04,2011-05-16,66.99618891306929,usr_8848b55572d8
66.91674984287903,0,0,0,2010-01-04,2010-08-03,66.91674984287903,usr_b9b0eb013b3f
66.835987979316,0,0,1,2010-01-04,2011-05-16,66.835987979316,usr_2a900126b6ca
66.80429111607504,0,0,0,2010-01-04,2011-05-16,66.80429111607504,usr_5f11b2172a32
66.54906756943255,0,0,1,2010-01-04,2011-05-16,66.54906756943255,usr_c9875bdf60d5
66.51582289441826,0,0,2,2010-01-04,2011-05-16,66.51582289441826,usr_9d1f227a6be3
66.51275789434574,0,0,0,2010-01-04,2010-11-19,66.51275789434574,usr_b7513c53fdb9
66.36751293986987,0,0,1,2010-01-04,2010-03-26,66.36751293986987,usr_9325aefd4bef
66.32635768397549,0,0,6,2010-01-04,2011-05-16,66.32635768397549,usr_cf5095379b31
66.31040387153517,0,0,0,2010-01-04,2011-05-16,66.31040387153517,usr_b12cbd63ef81
66.2665365747157,0,0,7,2010-01-04,2011-05-16,66.2665365747157,usr_4c2c512b2f4e
66.2482026281491,0,0,4,2010-01-04,2011-05-16,66.2482026281491,usr_7244f5e7e1a2
66.15575062012118,0,0,3,2010-01-04,2011-05-16,66.15575062012118,usr_b15bed6b42d1
66.1065133507393,0,0,0,2010-01-04,2011-05-16,66.1065133507393,usr_3e11a8052e48
66.09953193348188,0,0,0,2010-01-04,2010-10-15,66.09953193348188,usr_bb8095894425
66.00852296624788,0,0,7,2010-01-04,2011-05-16,66.00852296624788,usr_791abff6f34c
65.89701349892547,0,0,2,2010-01-04,2010-02-23,65.89701349892547,usr_b442ba6adcff
65.83977947181343,0,0,4,2010-01-04,2011-05-16,65.83977947181343,usr_5b0832220a45
65.7615384797758,0,0,0,2010-01-04,2011-05-16,65.7615384797758,usr_e95af41e181a
65.64728962036362,0,0,0,2010-01-04,2011-05-16,65.64728962036362,usr_17abc31538bc
65.63106648883317,0,0,0,2010-01-04,2011-05-16,65.63106648883317,usr_e76c860ec51d
65.5974864033562,0,0,0,2010-01-04,2011-05-16,65.5974864033562,usr_ed8a0804417d
65.59705316966894,0,0,0,2010-01-04,2010-05-20,65.59705316966894,usr_900892f8dbb1
65.52542218233702,0,0,0,2010-01-04,2011-05-16,65.52542218233702,usr_e667d7caff64
65.49503024668073,0,0,0,2010-01-04,2011-05-16,65.49503024668073,usr_67da0244f3d4
65.40557502584073,0,0,0,2010-01-04,2011-05-16,65.40557502584073,usr_7d5051914704
65.3903181989811,0,0,0,2010-01-04,2011-05-16,65.3903181989811,usr_df5b3ec24113
65.38541442140466,0,0,1,2010-01-04,2011-05-16,65.38541442140466,usr_d8aea031832d
65.24492942321169,0,0,3,2010-01-04,2011-05-16,65.24492942321169,usr_ddf8763aa52c
65.17925912995956,0,0,0,2010-01-04,2011-05-16,65.17925912995956,usr_aba69846b795
65.15688451366383,0,0,2,2010-01-04,2011-05-16,65.15688451366383,usr_6cf84eaf806a
65.13563832044828,0,0,0,2010-01-04,2011-05-16,65.13563832044828,usr_e09b46aa1ec2
65.01614332467165,0,0,1,2010-01-04,2011-02-24,65.01614332467165,usr_e2a7f23749c9
64.97366015805031,0,0,0,2010-01-04,2011-05-16,64.97366015805031,usr_45318975b933
64.63340293469197,0,0,0,2010-01-04,2011-05-16,64.63340293469197,usr_97c3240eff44
64.34044974366834,0,0,1,2010-01-04,2011-05-16,64.34044974366834,usr_fcec4aeb0d92
64.3232471031486,0,0,0,2010-01-04,2011-05-16,64.3232471031486,usr_cc5c0c0b181c
64.19709416249995,0,0,2,2010-01-04,2011-05-16,64.19709416249995,usr_212e55ba5962
63.910817646099055,0,0,0,2010-01-04,2010-02-03,63.910817646099055,usr_df6f0ec71cc0
63.82665459195711,0,0,0,2010-01-04,2011-05-16,63.82665459195711,usr_ab088917ef6b
63.80397342683639,0,0,0,2010-01-04,2010-12-09,63.80397342683639,usr_a1dc2357ec2f
63.36491663461177,0,0,1,2010-01-04,2011-05-16,63.36491663461177,usr_99b5e4d7573e
63.28108545501218,0,0,0,2010-01-04,2011-05-16,63.28108545501218,usr_6963d75e67c5
63.20773713984684,0,0,0,2010-01-04,2011-05-16,63.20773713984684,usr_fc3999f18818
62.6056911153534,0,0,1,2010-01-04,2010-03-05,62.6056911153534,usr_cee0a7e3720f
62.57740390220807,0,0,0,2010-01-04,2011-05-16,62.57740390220807,usr_6dca2628d4c5
62.57488999943641,0,0,0,2010-01-04,2011-05-16,62.57488999943641,usr_241cd9d0d845
62.37738018688446,0,0,1,2010-01-03,2010-02-17,62.37738018688446,usr_b0a2a4c84d49
62.105074325406534,0,0,0,2010-01-04,2011-05-16,62.105074325406534,usr_bd14b3f76cac
61.78817855372446,0,0,0,2010-01-04,2010-12-14,61.78817855372446,usr_2da16032a6b4
61.71928954514317,0,0,0,2010-01-04,2011-05-16,61.71928954514317,usr_799451f9488c
61.70414697825973,0,0,1,2010-01-04,2011-05-16,61.70414697825973,usr_04d5079e39d1
61.4317436753507,0,0,0,2010-01-04,2011-05-16,61.4317436753507,usr_cc6550984593
61.41242959279156,0,0,2,2010-01-04,2011-05-16,61.41242959279156,usr_a7e4bf47be1a
61.40009786949158,0,0,0,2010-01-04,2011-05-16,61.40009786949158,usr_b744704f41ff
61.34377065435421,0,0,0,2010-01-04,2011-05-16,61.34377065435421,usr_0ad16cb52f2b
61.15437900399096,0,0,0,2010-01-04,2011-05-16,61.15437900399096,usr_666dac1d0d3c
61.00112619328509,0,0,0,2010-01-04,2011-05-16,61.00112619328509,usr_8731cfac05da
60.803076741757934,0,0,0,2010-01-04,2011-05-16,60.803076741757934,usr_5d88af08678f
60.7761091151954,0,0,0,2010-01-04,2011-05-16,60.7761091151954,usr_a6aec25d38ac
60.448704641150044,0,0,0,2010-01-04,2010-02-11,60.448704641150044,usr_8f7ce4a7c718
60.30309123718823,0,0,0,2010-01-04,2011-05-16,60.30309123718823,usr_ea30cbb0adfe
60.105476414573204,0,0,0,2010-01-04,2011-05-16,60.105476414573204,usr_5e691d86dbf1
60.08264081776672,0,0,0,2010-01-04,2011-05-16,60.08264081776672,usr_d887055d36dd
60.01059964358465,0,0,0,2010-01-04,2011-05-16,60.01059964358465,usr_753f2d6f4d64
60.008337535732664,0,0,0,2010-01-04,2011-03-17,60.008337535732664,usr_1a964ce0a3fd
59.93490135370645,0,0,0,2010-01-04,2011-05-16,59.93490135370645,usr_542eeb7dec1d
59.78042420666333,0,0,0,2010-01-04,2011-05-16,59.78042420666333,usr_1dee75693537
59.57964434759569,0,0,0,2010-01-04,2010-06-01,59.57964434759569,usr_1906257bda17
59.55461277442719,0,0,0,2010-01-04,2011-05-16,59.55461277442719,usr_fbefa7d8d8f0
59.46052217495915,0,0,0,2010-01-04,2011-05-16,59.46052217495915,usr_d690ebda81da
59.35615027076164,0,0,0,2010-01-04,2011-05-16,59.35615027076164,usr_9622efdfaf66
58.982981204609025,0,0,0,2010-01-04,2011-05-16,58.982981204609025,usr_bc7c4ff3d1ff
58.631025176458756,0,0,0,2010-01-04,2011-05-16,58.631025176458756,usr_41b545fbf6e2
58.630084213895344,0,0,0,2010-01-04,2011-05-16,58.630084213895344,usr_7e9c19a9bfc8
58.32066510331316,0,0,0,2010-01-04,2011-05-16,58.32066510331316,usr_fb6b35147238
58.239150084951326,0,0,0,2010-01-04,2011-05-16,58.239150084951326,usr_fe6b956a4b72
58.16538880394019,0,0,0,2010-01-04,2011-05-16,58.16538880394019,usr_90121286780a
58.08951015089903,0,0,0,2010-01-04,2010-02-19,58.08951015089903,usr_0f1738cf66e9
57.761057885826034,0,0,0,2010-01-04,2011-05-16,57.761057885826034,usr_d2b592879b38
57.54680577621831,0,0,0,2010-01-04,2011-05-16,57.54680577621831,usr_b4b5d92acbe6
57.46747057454408,0,0,0,2010-01-04,2011-05-16,57.46747057454408,usr_57860496d5d7
57.34401099223403,0,0,0,2010-01-04,2011-05-16,57.34401099223403,usr_9041231d000c
57.00877139013062,0,0,0,2010-01-04,2011-05-16,57.00877139013062,usr_34bfd6b646c3
56.81082066100496,0,0,0,2010-01-04,2011-05-16,56.81082066100496,usr_dc31754c753c
56.488330142712144,0,0,0,2010-01-04,2011-05-16,56.488330142712144,usr_f4f2dd20bdf2
56.12414066669031,0,0,0,2010-01-04,2011-05-16,56.12414066669031,usr_7b14d713da5b
55.868871116423364,0,0,0,2010-01-04,2011-05-16,55.868871116423364,usr_023ca1d34e0a
55.826656219644434,0,0,0,2010-01-04,2011-05-16,55.826656219644434,usr_60474d9c3c18
55.734771979136866,0,0,0,2010-01-04,2011-05-16,55.734771979136866,usr_1b06b68cb4b3
55.71932105755864,0,0,0,2010-01-04,2011-05-16,55.71932105755864,usr_ee7401a361e6
55.66535067711341,0,0,0,2010-01-04,2011-05-16,55.66535067711341,usr_3414b66c7670
55.65426590647916,0,0,0,2010-01-04,2011-05-16,55.65426590647916,usr_b753d0d0e07d
55.32380347092477,0,0,0,2010-01-04,2011-05-16,55.32380347092477,usr_ddc94ecbb63b
55.23301861150104,0,0,0,2010-01-04,2011-05-16,55.23301861150104,usr_b5a6aeed5acf
54.97812286850549,0,0,0,2010-01-04,2011-05-16,54.97812286850549,usr_351fd9699c11
54.8234878332504,0,0,0,2010-01-04,2011-05-16,54.8234878332504,usr_cf3dc0cb071e
54.45775852662797,0,0,0,2010-01-04,2011-05-16,54.45775852662797,usr_ffd1526a9b65
54.405734580413075,0,0,0,2010-01-04,2011-05-16,54.405734580413075,usr_fbc532a71c79
54.391384324550046,0,0,0,2010-01-04,2011-05-16,54.391384324550046,usr_cba5305ff2e1
54.391384324550046,0,0,0,2010-01-04,2011-05-16,54.391384324550046,usr_dcccf7b59f9c
54.331608536656134,0,0,0,2010-01-04,2011-05-16,54.331608536656134,usr_b29d16449130
53.47050876056028,0,0,0,2010-01-04,2011-05-16,53.47050876056028,usr_36d32087a5f6
53.250528368282936,0,0,0,2010-01-04,2011-05-16,53.250528368282936,usr_7c6e728d0997
52.470382709737905,0,0,0,2010-01-04,2011-05-16,52.470382709737905,usr_f57ae148344e
52.34666192063513,0,0,0,2010-01-04,2010-10-29,52.34666192063513,usr_5527964d25cb
12.04219032509945,0,0,0,2010-01-04,2010-03-19,12.04219032509945,usr_b51f9a33745d
